Div,Season,Date,HomeTeam,AwayTeam,FTR,outcome,odds,ev,fair_p_open,fair_p_close,win,clv,pnl_gross,pnl_tax,pnl_slip,suspect
E0,2021,2020-12-30,Newcastle,Liverpool,D,H,12.0,0.16392552371676627,0.09699379364306385,0.08718377188629656,0.0,0.046205262635558686,-1.0,-1.053,-1.0,False
E0,2223,2023-04-16,Nott'm Forest,Man United,A,H,5.5,0.03352337457371757,0.187913340831585,0.1859294757896406,0.0,0.022612116843023333,-1.0,-1.053,-1.0,False
E0,2324,2023-12-06,Aston Villa,Man City,H,H,4.75,0.04209004208845846,0.2193873772817807,0.18464592433017152,1.0,-0.12293185943168528,3.75,3.697,3.7125000000000004,False
E1,2324,2023-09-20,Hull,Leeds,D,H,4.2,0.03820717056136358,0.24719218346699132,0.25192179628634054,0.0,0.05807154440263029,-1.0,-1.053,-1.0,False
,2425,2025-01-18,Portsmouth,Middlesbrough,H,H,4.5,0.033369804873702336,0.22963773441637828,0.23485186323742968,1.0,0.056833384568433676,3.5,3.447,3.465,False
,2425,2025-01-22,Plymouth,Burnley,A,H,6.0,0.04511280215347502,0.17418546702557916,0.15746056585504697,0.0,-0.05523660486971815,-1.0,-1.053,-1.0,False
D1,1920,2019-08-31,Union Berlin,Dortmund,H,H,10.0,0.06409671478519718,0.10640967147851972,0.11805909196476323,1.0,0.1805909196476323,9.0,8.947,8.91,False
D1,1920,2020-01-19,Hertha,Bayern Munich,A,H,10.0,0.07959070943315738,0.10795907094331574,0.08726959853527384,0.0,-0.1273040146472616,-1.0,-1.053,-1.0,False
D1,2021,2021-01-24,Schalke 04,Bayern Munich,A,H,16.0,0.08406948148671178,0.06775434259291949,0.060544624342672965,0.0,-0.031286010517232565,-1.0,-1.053,-1.0,False
D1,2021,2021-05-15,Freiburg,Bayern Munich,D,H,10.0,0.04849934799269695,0.1048499347992697,0.10031973753935343,0.0,0.003197375393534374,-1.0,-1.053,-1.0,False
D1,2122,2022-01-15,Stuttgart,RB Leipzig,A,H,6.0,0.03161186919131298,0.17193531153188552,0.16187405856328183,0.0,-0.028755648620309104,-1.0,-1.053,-1.0,False
D1,2223,2022-09-17,Augsburg,Bayern Munich,H,H,17.0,0.037914074115645846,0.06105376906562623,0.05892343647951252,1.0,0.0016984201517129538,16.0,15.947,15.84,False
D1,2223,2023-03-04,Stuttgart,Bayern Munich,A,H,7.0,0.052260738635824255,0.1503229626622606,0.1417146646567777,0.0,-0.007997347402556088,-1.0,-1.053,-1.0,False
D1,2223,2023-03-19,Leverkusen,Bayern Munich,H,H,5.25,0.06105121177811701,0.20210499271964133,0.21758671470063745,1.0,0.14233025217834672,4.25,4.197,4.2075,False
,2425,2024-09-22,St Pauli,RB Leipzig,D,H,5.75,0.04383143331530692,0.18153590144614032,0.18165932247849162,0.0,0.044541104251326846,-1.0,-1.053,-1.0,False
D2,1920,2019-11-03,Wehen,Hamburg,D,H,5.75,0.10737097483280134,0.19258625649266112,0.15474529804773204,0.0,-0.11021453622554078,-1.0,-1.053,-1.0,False
D2,1920,2019-11-09,Osnabruck,Stuttgart,H,H,4.5,0.06603561264795466,0.2368968028106566,0.22136688420376832,1.0,-0.0038490210830425253,3.5,3.447,3.465,False
D2,1920,2019-11-30,Dresden,Holstein Kiel,A,H,3.6,0.04641302007214998,0.29067028335337497,0.29479352315706076,0.0,0.061256683365418674,-1.0,-1.053,-1.0,False
D2,2021,2021-04-11,Wurzburger Kickers,Nurnberg,D,H,3.8,0.032919276725958735,0.2718208622963049,0.24535717413688365,0.0,-0.06764273827984213,-1.0,-1.053,-1.0,False
D2,2122,2021-08-22,Ingolstadt,Nurnberg,D,H,4.0,0.03259528737973194,0.258148821844933,0.28010550342658197,0.0,0.12042201370632788,-1.0,-1.053,-1.0,False
D2,2122,2022-03-12,Paderborn,Fortuna Dusseldorf,D,H,2.1,0.07640318370689925,0.5125729446223329,0.46849624261500034,0.0,-0.01615789050849925,-1.0,-1.053,-1.0,False
D2,2324,2024-05-19,Wehen,St Pauli,A,H,3.0,0.04099830817673711,0.34699943605891237,0.3181679228939468,0.0,-0.04549623131815961,-1.0,-1.053,-1.0,False
SP1,1920,2019-09-26,Eibar,Sevilla,H,H,3.5,0.030858949696987548,0.2945311284848536,0.27031346769409065,1.0,-0.053902863070682705,2.5,2.447,2.475,False
SP1,1920,2019-11-02,Levante,Barcelona,H,H,9.0,0.04226182468824069,0.11580686940980452,0.10939108167041642,1.0,-0.01548026496625221,8.0,7.947,7.92,False
SP1,1920,2019-11-10,Mallorca,Villarreal,H,H,3.6,0.03128640839640373,0.2864684467767788,0.26314420410756434,1.0,-0.05268086521276838,2.6,2.547,2.574,False
SP1,1920,2019-12-14,Sociedad,Barcelona,D,H,5.25,0.034920202710452486,0.1971276576591338,0.18008530085874708,0.0,-0.0545521704915779,-1.0,-1.053,-1.0,False
SP1,1920,2020-03-08,Betis,Real Madrid,H,H,4.5,0.04184520196740249,0.2315211559927561,0.22389434484343115,1.0,0.007524551795440093,3.5,3.447,3.465,False
SP1,2324,2024-02-18,Vallecano,Real Madrid,D,H,6.0,0.04052962928337389,0.17342160488056232,0.17650990985194737,0.0,0.0590594591116842,-1.0,-1.053,-1.0,False
,2425,2025-04-12,Leganes,Barcelona,A,H,8.5,0.04592816164476998,0.12305037195820824,0.08358645129708729,0.0,-0.28951516397475807,-1.0,-1.053,-1.0,False
,2526,2025-10-19,Getafe,Real Madrid,A,H,8.0,0.05313779610870717,0.1316422245135884,0.12489663207736904,0.0,-0.0008269433810477178,-1.0,-1.053,-1.0,False
I1,2021,2021-04-26,Torino,Napoli,A,H,4.75,0.039739992099975696,0.21889262991578434,0.2567930951737533,0.0,0.2197672020753283,-1.0,-1.053,-1.0,False
I1,2223,2023-02-26,Bologna,Inter,H,H,5.5,0.05371019653506259,0.1915836720972841,0.1864605290080487,1.0,0.02553290954426779,4.5,4.447,4.455,False
I1,2324,2023-08-28,Cagliari,Inter,A,H,7.5,0.05714574403063,0.14095276587075067,0.12335434560016366,0.0,-0.07484240799877251,-1.0,-1.053,-1.0,False
F1,1920,2019-08-10,Dijon,St Etienne,A,H,4.0,0.04678231725920856,0.26169557931480214,0.25122890789189206,0.0,0.004915631567568246,-1.0,-1.053,-1.0,False
F1,1920,2019-11-02,Toulouse,Lyon,A,H,5.0,0.06390901613174638,0.2127818032263493,0.20521484559540062,0.0,0.026074227977003206,-1.0,-1.053,-1.0,False
F1,1920,2019-11-09,Brest,Paris SG,A,H,13.0,0.08483233307335603,0.08344864100564277,0.07753423732013841,0.0,0.007945085161799259,-1.0,-1.053,-1.0,False
F1,1920,2019-12-06,Nimes,Lyon,A,H,5.0,0.0639536462161856,0.2127907292432371,0.18099482907250844,0.0,-0.09502585463745783,-1.0,-1.053,-1.0,False
F1,1920,2020-01-15,Monaco,Paris SG,A,H,6.5,0.036708858622438445,0.15949367055729824,0.21735076415290822,0.0,0.4127799669939034,-1.0,-1.053,-1.0,False
F1,2021,2020-12-19,Nice,Lyon,A,H,6.5,0.04086424103835906,0.16013296015974754,0.1504238524444146,0.0,-0.022244959111304974,-1.0,-1.053,-1.0,False
F1,2021,2020-12-20,Dijon,Monaco,A,H,6.5,0.04340195243209055,0.1605233772972447,0.13558159175409268,0.0,-0.11871965359839765,-1.0,-1.053,-1.0,False
F1,2021,2020-12-20,Lille,Paris SG,D,H,4.0,0.07532062678431473,0.2688301566960787,0.26939270207012106,0.0,0.07757080828048424,-1.0,-1.053,-1.0,False
F1,2021,2021-05-23,Brest,Paris SG,A,H,12.0,0.05951155383558593,0.08829262948629883,0.09356741111326614,0.0,0.12280893335919352,-1.0,-1.053,-1.0,False
F1,2223,2022-08-31,Toulouse,Paris SG,A,H,13.0,0.07571275592134552,0.08274713507087274,0.08917298244736474,0.0,0.1592487718157416,-1.0,-1.053,-1.0,False
F1,2324,2023-12-03,Le Havre,Paris SG,A,H,11.0,0.03849958828057898,0.09440905348005264,0.10476772581629863,0.0,0.15244498397928496,-1.0,-1.053,-1.0,False
E0,2021,2021-01-13,Man City,Brighton,H,D,8.5,0.042531064912669114,0.12265071351913755,0.11666951056240359,0.0,-0.008309160219569511,-1.0,-1.053,-1.0,False
E0,2021,2021-03-02,Man City,Wolves,H,D,7.0,0.03457379598133592,0.14779625656876227,0.13415590409531755,0.0,-0.06090867133277711,-1.0,-1.053,-1.0,False
,2122,2021-08-29,Tottenham,Watford,H,D,4.75,0.03609197831676325,0.2181246270140554,0.2068234486091847,0.0,-0.01758861910637266,-1.0,-1.053,-1.0,False
,2122,2021-09-18,Man City,Southampton,D,D,9.5,0.037677480384260775,0.10922920846150114,0.11392249048288373,1.0,0.08226365958739557,8.5,8.447,8.415,False
E0,2223,2022-10-29,Leicester,Man City,A,D,6.5,0.038909599573969,0.15983224608830293,0.1847084104309833,0.0,0.2006046678013913,-1.0,-1.053,-1.0,False
E0,2223,2022-12-31,Man City,Everton,D,D,9.0,0.053115772441880926,0.11701286360465343,0.09641207426109516,1.0,-0.1322913316501435,8.0,7.947,7.92,False
E0,2324,2023-08-26,Arsenal,Fulham,D,D,7.0,0.07758091717295224,0.15394013102470747,0.14998153063765093,1.0,0.04987071446355662,6.0,5.947,5.9399999999999995,False
E1,1920,2020-01-01,Fulham,Reading,A,D,4.2,0.03512268073279179,0.24645778112685518,0.25279877588093913,0.0,0.06175485869994435,-1.0,-1.053,-1.0,False
E1,2021,2020-10-03,Sheffield Weds,QPR,D,D,3.5,0.0413064191786614,0.2975161197653318,0.2817778147330863,1.0,-0.013777648434198042,2.5,2.447,2.475,False
E1,2021,2020-10-31,Stoke,Rotherham,H,D,3.75,0.04342086203052742,0.27824556320814064,0.26213293810747784,0.0,-0.017001482096958065,-1.0,-1.053,-1.0,False
E1,2021,2020-11-04,Nott'm Forest,Coventry,H,D,3.75,0.04895195736331326,0.2797205219635502,0.29533971547649224,0.0,0.10752393303684582,-1.0,-1.053,-1.0,False
E1,2021,2020-12-05,Millwall,Derby,A,D,3.5,0.03470406501407375,0.2956297328611639,0.294620864451656,0.0,0.03117302558079582,-1.0,-1.053,-1.0,False
E1,2122,2022-03-12,Cardiff,Preston,D,D,3.2,0.030658125622199828,0.32208066425693743,0.3103311060809168,1.0,-0.006940460541066229,2.2,2.1470000000000002,2.178,False
E1,2122,2022-03-15,Bournemouth,Reading,D,D,5.5,0.03856988729146904,0.18883088859844893,0.20119987734020262,1.0,0.10659932537111438,4.5,4.447,4.455,False
E1,2223,2023-04-27,Rotherham,Cardiff,A,D,3.0,0.03638253985196438,0.34546084661732146,0.3428444396548082,0.0,0.02853331896442457,-1.0,-1.053,-1.0,False
E1,2324,2023-09-30,Preston,West Brom,A,D,3.5,0.03929426157934812,0.29694121759409947,0.3069137600813264,0.0,0.07419816028464243,-1.0,-1.053,-1.0,False
,2425,2024-10-23,Hull,Burnley,D,D,3.5,0.03491109563538575,0.29568888446725305,0.2921201117264016,1.0,0.022420391042405674,2.5,2.447,2.475,False
,2425,2024-11-02,Preston,Bristol City,A,D,3.4,0.05653071819409661,0.31074432888061665,0.30878141739380915,0.0,0.049856819138951014,-1.0,-1.053,-1.0,False
,2425,2024-11-24,Swansea,Leeds,A,D,3.9,0.03265571275858581,0.26478351609194506,0.2625025143454616,0.0,0.023759805947300316,-1.0,-1.053,-1.0,False
,2425,2024-11-30,Preston,West Brom,D,D,3.5,0.05813082377300516,0.3023230925065729,0.2924524176966597,1.0,0.023583461938308847,2.5,2.447,2.475,False
,2425,2025-01-04,Blackburn,Burnley,A,D,3.4,0.05489658808961462,0.31026370237929846,0.3149646961894639,0.0,0.0708799670441771,-1.0,-1.053,-1.0,False
,2425,2025-01-04,Sheffield Weds,Millwall,D,D,3.4,0.0307532586875765,0.30316272314340487,0.3165761979835798,1.0,0.07635907314417123,2.4,2.347,2.376,False
,2425,2025-01-25,Luton,Millwall,A,D,3.3,0.04064160741424394,0.31534594164068,0.3232946515517366,0.0,0.06687235012073067,-1.0,-1.053,-1.0,False
,2425,2025-02-15,Stoke,Swansea,H,D,3.4,0.035847469924607855,0.30466102056606115,0.28419005680446396,0.0,-0.033753806864822544,-1.0,-1.053,-1.0,False
,2425,2025-02-23,Watford,Luton,H,D,3.5,0.047749784318423805,0.29935708123383536,0.2944878754486831,0.0,0.03070756407039088,-1.0,-1.053,-1.0,False
,2425,2025-04-12,Portsmouth,Derby,D,D,3.25,0.04911783856621632,0.322805488789605,0.33146323452576487,1.0,0.07725551220873594,2.25,2.197,2.2275,False
,2425,2025-04-21,QPR,Swansea,A,D,3.5,0.07485121545188012,0.3071003472719658,0.3088476125637969,0.0,0.08096664397328901,-1.0,-1.053,-1.0,False
,2425,2025-05-03,Derby,Stoke,D,D,3.0,0.03158325760761227,0.3438610858692041,0.3445087838992641,1.0,0.03352635169779239,2.0,1.947,1.98,False
D1,1920,2019-11-02,Dortmund,Wolfsburg,H,D,4.5,0.04177199503881046,0.23150488778640232,0.21800983627105647,0.0,-0.01895573678024587,-1.0,-1.053,-1.0,False
D1,1920,2020-02-14,Dortmund,Ein Frankfurt,H,D,5.5,0.045083763651673214,0.1900152297548497,0.18387705675309102,0.0,0.011323812142000511,-1.0,-1.053,-1.0,False
D1,1920,2020-06-27,Augsburg,RB Leipzig,A,D,5.75,0.0457309949967275,0.18186625999943087,0.18535027519799707,0.0,0.06576408238848308,-1.0,-1.053,-1.0,False
D1,2021,2020-12-05,Bayern Munich,RB Leipzig,D,D,5.75,0.033694876861167566,0.17977302206281176,0.2104848118100557,1.0,0.21028766790782027,4.75,4.697,4.7025,False
D1,2021,2021-01-30,Bayern Munich,Hoffenheim,H,D,8.0,0.044844558554302694,0.13060556981928784,0.12252528646774774,0.0,-0.019797708258018076,-1.0,-1.053,-1.0,False
D1,2021,2021-04-25,M'gladbach,Bielefeld,H,D,4.2,0.04387554043170705,0.24854179534088264,0.24530561338449378,0.0,0.030283576214873875,-1.0,-1.053,-1.0,False
D1,2122,2021-08-28,Bayern Munich,Hertha,H,D,9.0,0.06960132749719294,0.11884459194413255,0.10782530944492187,0.0,-0.029572214995703172,-1.0,-1.053,-1.0,False
D1,2122,2021-11-20,M'gladbach,Greuther Furth,H,D,6.0,0.05012771957562179,0.17502128659593696,0.14976418951748013,0.0,-0.10141486289511925,-1.0,-1.053,-1.0,False
D1,2122,2022-01-22,M'gladbach,Union Berlin,A,D,3.6,0.033654993986086845,0.2871263872183574,0.27049698353582524,0.0,-0.026210859271029063,-1.0,-1.053,-1.0,False
D1,2223,2022-10-22,Dortmund,Stuttgart,H,D,4.75,0.030446665852306376,0.21693614017943294,0.21447795936461034,0.0,0.018770306981899187,-1.0,-1.053,-1.0,False
D1,2324,2024-03-09,Augsburg,Heidenheim,H,D,4.2,0.03427508588779293,0.24625597283042688,0.22412895146334777,0.0,-0.05865840385393928,-1.0,-1.053,-1.0,False
D2,1920,2019-10-21,Bielefeld,Hamburg,D,D,3.8,0.051423727811195086,0.27669045468715664,0.27017573603217737,1.0,0.026667796922273945,2.8,2.747,2.772,False
D2,1920,2019-12-14,Heidenheim,Bielefeld,D,D,3.75,0.05964205978630477,0.2825712159430146,0.2817324290450306,1.0,0.056496608918864766,2.75,2.697,2.7225,False
D2,1920,2019-12-14,St Pauli,Wehen,H,D,4.0,0.05347277956576102,0.26336819489144025,0.2599391958837671,0.0,0.03975678353506851,-1.0,-1.053,-1.0,False
D2,1920,2020-02-02,Heidenheim,Dresden,D,D,3.8,0.0341112490355695,0.27213453921988673,0.28706527895148903,1.0,0.09084806001565826,2.8,2.747,2.772,False
D2,1920,2020-02-14,Heidenheim,Nurnberg,D,D,3.6,0.058728005523692506,0.2940911126454701,0.28034604808074937,1.0,0.00924577309069785,2.6,2.547,2.574,False
D2,1920,2020-02-16,Karlsruhe,Osnabruck,D,D,3.5,0.035158999131529534,0.29575971403757984,0.29808026284350486,1.0,0.043280919952267016,2.5,2.447,2.475,False
D2,1920,2020-02-21,Osnabruck,Erzgebirge Aue,D,D,3.6,0.04295238445153826,0.28970899568098285,0.2892660455815177,1.0,0.0413577640934637,2.6,2.547,2.574,False
D2,1920,2020-02-23,Sandhausen,Karlsruhe,A,D,3.6,0.06788848692757332,0.2966356908132148,0.289528443904658,0.0,0.04230239805676872,-1.0,-1.053,-1.0,False
D2,1920,2020-06-03,Hannover,Dresden,H,D,4.0,0.03910370230225246,0.2597759255755631,0.23497908932417552,0.0,-0.06008364270329791,-1.0,-1.053,-1.0,False
D2,1920,2020-06-14,Karlsruhe,Stuttgart,H,D,4.2,0.04689088843520639,0.2492597353417158,0.2499174434067667,0.0,0.04965326230842004,-1.0,-1.053,-1.0,False
D2,2021,2020-10-24,Holstein Kiel,Greuther Furth,A,D,3.5,0.031939679767395424,0.2948399085049701,0.26640812542439646,0.0,-0.06757156101461237,-1.0,-1.053,-1.0,False
D2,2021,2020-10-31,Paderborn,Regensburg,H,D,3.6,0.048317326877808986,0.29119925746605807,0.26099406013966747,0.0,-0.060421383497197056,-1.0,-1.053,-1.0,False
D2,2021,2020-12-15,Hannover,Bochum,H,D,3.5,0.040009804522850745,0.2971456584351002,0.2837554819219047,0.0,-0.006855813273333622,-1.0,-1.053,-1.0,False
D2,2021,2021-01-31,Sandhausen,Nurnberg,H,D,3.5,0.03906134397962724,0.29687466970846493,0.3013088097179911,0.0,0.05458083401296898,-1.0,-1.053,-1.0,False
D2,2021,2021-05-23,Bochum,Sandhausen,H,D,4.2,0.06712364674526272,0.25407705874887204,0.24463312218854105,0.0,0.027459113191872442,-1.0,-1.053,-1.0,False
D2,2122,2021-07-24,Darmstadt,Regensburg,A,D,3.6,0.0904032467593201,0.3028897907664778,0.29619970851327837,0.0,0.06631895064780213,-1.0,-1.053,-1.0,False
D2,2122,2022-03-11,Darmstadt,Sandhausen,D,D,5.0,0.034454307324021105,0.2068908614648042,0.24318626566855409,1.0,0.2159313283427704,4.0,3.947,3.96,False
D2,2122,2022-05-15,Werder Bremen,Regensburg,H,D,7.5,0.06575408756538126,0.1421005450087175,0.1405057217596364,0.0,0.053792913197272973,-1.0,-1.053,-1.0,False
D2,2223,2022-08-12,Nurnberg,Heidenheim,A,D,3.75,0.03227433685320835,0.2752731564941889,0.26769968039161346,0.0,0.0038738014685504307,-1.0,-1.053,-1.0,False
D2,2223,2023-01-29,Bielefeld,Sandhausen,A,D,3.8,0.03587688067008954,0.2725991791237078,0.28647440374300087,0.0,0.08860273422340326,-1.0,-1.053,-1.0,False
D2,2324,2024-03-30,Kaiserslautern,Fortuna Dusseldorf,A,D,3.75,0.035614627452752456,0.2761639006540673,0.28264431159612075,0.0,0.05991616848545278,-1.0,-1.053,-1.0,False
SP1,1920,2020-03-07,Ath Madrid,Sevilla,D,D,3.4,0.03211170244695616,0.30356226542557535,0.31388613477360017,1.0,0.06721285823024048,2.4,2.347,2.376,False
SP1,1920,2020-07-19,Leganes,Real Madrid,D,D,3.8,0.03365481846417051,0.27201442591162384,0.24743372896791715,1.0,-0.059751829921914856,2.8,2.747,2.772,False
SP1,1920,2020-07-19,Levante,Getafe,H,D,3.8,0.07256382545173534,0.28225363827677247,0.20471925464002433,0.0,-0.22206683236790759,-1.0,-1.053,-1.0,False
SP1,2021,2020-09-27,Cadiz,Sevilla,A,D,3.6,0.03784094405924132,0.28828915112756703,0.2793354328465901,0.0,0.005607558247724409,-1.0,-1.053,-1.0,False
SP1,2021,2021-05-16,Barcelona,Celta,A,D,7.5,0.04761429482598545,0.13968190597679805,0.1284245121842552,0.0,-0.03681615861808596,-1.0,-1.053,-1.0,False
SP1,2021,2021-05-22,Eibar,Barcelona,A,D,4.75,0.04401057788569562,0.21979170060751485,0.19938849887471935,0.0,-0.05290463034508308,-1.0,-1.053,-1.0,False
SP1,2122,2021-09-26,Barcelona,Levante,H,D,5.5,0.043452344378319685,0.1897186080687854,0.2089003718759689,0.0,0.14895204531782902,-1.0,-1.053,-1.0,False
SP1,2122,2022-01-23,Granada,Osasuna,A,D,3.2,0.031245162799163895,0.3222641133747387,0.31345425573582997,0.0,0.003053618354655896,-1.0,-1.053,-1.0,False
SP1,2122,2022-01-23,Vallecano,Ath Bilbao,A,D,3.0,0.038296040872304093,0.34609868029076807,0.33059333798413226,0.0,-0.008219986047603212,-1.0,-1.053,-1.0,False
SP1,2324,2024-05-12,Ath Madrid,Celta,H,D,4.75,0.04231467867358685,0.21943466919443932,0.1869825773915328,0.0,-0.11183275739021925,-1.0,-1.053,-1.0,False
,2425,2024-10-27,Getafe,Valencia,D,D,3.1,0.030252991684986297,0.33233967473709236,0.3366885618788148,1.0,0.04373454182432579,2.1,2.047,2.079,False
,2425,2025-05-15,Getafe,Ath Bilbao,A,D,2.75,0.03436826038861551,0.3761339128685875,0.38556156431782623,0.0,0.06029430187402207,-1.0,-1.053,-1.0,False
I1,2021,2021-05-16,Parma,Sassuolo,A,D,4.75,0.030531788069397825,0.21695406064618902,0.19076559429341253,0.0,-0.09386342710629048,-1.0,-1.053,-1.0,False
I1,2122,2022-02-28,Atalanta,Sampdoria,H,D,5.0,0.036416090213902796,0.20728321804278058,0.1948781783839409,0.0,-0.025609108080295595,-1.0,-1.053,-1.0,False
I1,2223,2023-01-04,Udinese,Empoli,D,D,4.2,0.04160397103710389,0.24800094548502474,0.24990776165003442,1.0,0.04961259893014458,3.2,3.1470000000000002,3.168,False
,2425,2024-11-07,Genoa,Como,D,D,3.3,0.04720164277210892,0.31733383114306335,0.3164474669968868,1.0,0.0442766410897264,2.3,2.247,2.2769999999999997,False
,2425,2024-11-10,Monza,Lazio,A,D,3.8,0.044211641876035435,0.27479253733579884,0.28047284516197407,0.0,0.06579681161550144,-1.0,-1.053,-1.0,False
F1,2021,2021-02-03,Paris SG,Nimes,H,D,15.0,0.04940008542018859,0.06996000569467924,0.09633307499844077,0.0,0.44499612497661145,-1.0,-1.053,-1.0,False
F1,2021,2021-02-07,Montpellier,Dijon,H,D,4.0,0.04600319404996056,0.26150079851249014,0.2513490148859905,0.0,0.00539605954396194,-1.0,-1.053,-1.0,False
F1,2122,2021-08-22,Metz,Reims,D,D,3.2,0.04175964533471599,0.32554988916709876,0.30904227257221434,1.0,-0.011064727768914095,2.2,2.1470000000000002,2.178,False
F1,2122,2021-09-25,Paris SG,Montpellier,H,D,8.0,0.05719950202912094,0.13214993775364012,0.09047295636277436,0.0,-0.2762163490978051,-1.0,-1.053,-1.0,False
F1,2122,2021-10-24,Lens,Metz,H,D,4.2,0.037784568649498196,0.2470915639641662,0.20776005054329552,0.0,-0.12740778771815875,-1.0,-1.053,-1.0,False
F1,2122,2021-11-07,Reims,Monaco,D,D,3.6,0.03010695252044515,0.2861408201445681,0.28624960038017194,1.0,0.03049856136861906,2.6,2.547,2.574,False
F1,2122,2022-02-05,St Etienne,Montpellier,H,D,3.4,0.04495993605245907,0.307341157662488,0.2976639858009177,0.0,0.012057551723120064,-1.0,-1.053,-1.0,False
F1,2223,2022-09-04,Clermont,Toulouse,H,D,3.5,0.03571671617692718,0.29591906176483634,0.2873981305052196,0.0,0.00589345676826869,-1.0,-1.053,-1.0,False
,2526,2026-01-04,Paris SG,Paris FC,H,D,7.5,0.06251021637694776,0.1416680288502597,0.09374721716925392,0.0,-0.2968958712305956,-1.0,-1.053,-1.0,False
E0,1920,2019-08-25,Tottenham,Newcastle,A,A,14.0,0.04729553849974444,0.07480682417855318,0.07922958528029753,1.0,0.10921419392416531,13.0,12.947,12.87,False
E0,1920,2019-11-10,Man United,Brighton,H,A,6.5,0.033024396220582286,0.1589268301877819,0.14758422066873028,0.0,-0.04070256565325314,-1.0,-1.053,-1.0,False
E0,2324,2024-01-30,Crystal Palace,Sheffield United,H,A,6.5,0.05029131336645576,0.16158327897945474,0.15215009039955862,0.0,-0.011024412402868888,-1.0,-1.053,-1.0,False
,2425,2025-04-27,Liverpool,Tottenham,H,A,11.0,0.0838036991722464,0.09852760901565875,0.06432383494017103,0.0,-0.29243781565811866,-1.0,-1.053,-1.0,False
,2526,2025-10-04,Arsenal,West Ham,H,A,17.0,0.047729581636649865,0.06163115186097941,0.0588578248713459,0.0,0.0005830228128802517,-1.0,-1.053,-1.0,False
E1,1920,2019-08-10,Leeds,Nott'm Forest,D,A,8.0,0.05448737322024533,0.13181092165253067,0.1439765614187055,0.0,0.15181249134964392,-1.0,-1.053,-1.0,False
E1,1920,2019-08-17,Brentford,Hull,D,A,5.5,0.048652370984235915,0.19066406745167927,0.19616296329207752,0.0,0.07889629810642629,-1.0,-1.053,-1.0,False
E1,1920,2019-10-05,Preston,Barnsley,H,A,6.0,0.04114075060269351,0.17352345843378225,0.16484471860520283,0.0,-0.010931688368782999,-1.0,-1.053,-1.0,False
E1,1920,2019-11-30,Leeds,Middlesbrough,H,A,12.0,0.03752006637504235,0.08646000553125353,0.06276946199022704,0.0,-0.24676645611727555,-1.0,-1.053,-1.0,False
E1,2021,2020-11-28,Norwich,Coventry,D,A,6.0,0.06907218428214223,0.17817869738035705,0.2542470354874558,0.0,0.525482212924735,-1.0,-1.053,-1.0,False
E1,2021,2021-02-06,Bournemouth,Birmingham,H,A,6.0,0.04291540034050567,0.1738192333900843,0.17557206856041868,0.0,0.05343241136251198,-1.0,-1.053,-1.0,False
E1,2122,2021-08-21,Fulham,Hull,H,A,9.5,0.08415446635464385,0.11412152277417305,0.09148345961295844,0.0,-0.13090713367689488,-1.0,-1.053,-1.0,False
E1,2122,2021-12-20,Fulham,Sheffield United,A,A,5.0,0.035623607550074876,0.20712472151001496,0.15597484419168478,1.0,-0.22012577904157604,4.0,3.947,3.96,False
E1,2122,2022-03-05,Middlesbrough,Luton,H,A,5.0,0.035066730329643914,0.2070133460659288,0.18936326659425048,0.0,-0.05318366702874755,-1.0,-1.053,-1.0,False
E1,2223,2022-11-05,Blackburn,Huddersfield,H,A,4.75,0.04828565227958648,0.22069171626938663,0.17937914351156742,0.0,-0.14794906832005472,-1.0,-1.053,-1.0,False
E1,2223,2023-04-10,West Brom,QPR,D,A,6.5,0.05432629560423452,0.16220404547757455,0.17714357192944818,0.0,0.15143321754141326,-1.0,-1.053,-1.0,False
E1,2324,2023-08-05,Middlesbrough,Millwall,A,A,4.33,0.0561532545993646,0.24391530129315578,0.2554421131230113,1.0,0.10606434982263901,3.33,3.277,3.2966999999999995,False
E1,2324,2023-08-06,Leeds,Cardiff,D,A,8.5,0.12952491420455292,0.13288528402406505,0.13849368539147758,0.0,0.1771963258275595,-1.0,-1.053,-1.0,False
E1,2324,2023-09-24,Sunderland,Cardiff,A,A,4.33,0.049148097172523775,0.24229748202598703,0.23485854784073862,1.0,0.016937512150398293,3.33,3.277,3.2966999999999995,False
E1,2324,2023-12-02,Birmingham,Rotherham,D,A,6.0,0.036641052726308576,0.17277350878771808,0.1639306013942612,0.0,-0.01641639163443287,-1.0,-1.053,-1.0,False
E1,2324,2023-12-26,Southampton,Swansea,H,A,7.5,0.04995933825866228,0.13999457843448831,0.12429220828560446,0.0,-0.06780843785796653,-1.0,-1.053,-1.0,False
E1,2324,2024-04-13,Leeds,Blackburn,A,A,10.0,0.05517069918374551,0.10551706991837455,0.09817356628127186,1.0,-0.018264337187281487,9.0,8.947,8.91,False
,2425,2025-03-01,Middlesbrough,Derby,H,A,5.5,0.033468286593918206,0.18790332483525785,0.1414750475046913,0.0,-0.2218872387241978,-1.0,-1.053,-1.0,False
,2526,2025-09-30,Birmingham,Sheffield Weds,D,A,7.5,0.049186689801086425,0.13989155864014485,0.12404987586646768,0.0,-0.06962593100149239,-1.0,-1.053,-1.0,False
,2526,2025-09-30,Middlesbrough,Stoke,D,A,4.5,0.07428261754717491,0.23872947056603885,0.20864789955367097,0.0,-0.06108445200848067,-1.0,-1.053,-1.0,False
D1,1920,2019-08-24,Hoffenheim,Werder Bremen,H,A,4.2,0.04502233252609722,0.24881484107764218,0.2817260088086714,0.0,0.18324923699641982,-1.0,-1.053,-1.0,False
D1,1920,2019-10-05,Leverkusen,RB Leipzig,D,A,3.1,0.03373148469681331,0.3334617692570365,0.33623629376065933,0.0,0.04233251065804389,-1.0,-1.053,-1.0,False
D1,1920,2019-10-06,M'gladbach,Augsburg,H,A,6.5,0.032188606918259755,0.1587982472181938,0.16338546071125054,0.0,0.06200549462312854,-1.0,-1.053,-1.0,False
D1,1920,2020-03-01,RB Leipzig,Leverkusen,D,A,6.5,0.05244933625019765,0.1619152825000304,0.15019096616911448,0.0,-0.023758719900755843,-1.0,-1.053,-1.0,False
D1,2021,2020-10-24,RB Leipzig,Hertha,H,A,7.0,0.05076143633418129,0.15010877661916874,0.1656090620005997,0.0,0.15926343400419785,-1.0,-1.053,-1.0,False
D1,2021,2021-02-15,Bayern Munich,Bielefeld,D,A,21.0,0.1468202610560423,0.0546104886217163,0.0438949733925768,0.0,-0.0782055587558872,-1.0,-1.053,-1.0,False
D1,2223,2022-09-17,Dortmund,Schalke 04,H,A,8.0,0.03744584056190181,0.12968073007023773,0.13589746960729226,0.0,0.08717975685833812,-1.0,-1.053,-1.0,False
D1,2324,2024-05-18,Leverkusen,Augsburg,H,A,9.0,0.052177381585115645,0.11690859795390174,0.058050890200024616,0.0,-0.47754198819977844,-1.0,-1.053,-1.0,False
,2425,2024-09-21,Bochum,Holstein Kiel,D,A,4.0,0.03581272173632022,0.25895318043408005,0.21797487310422275,0.0,-0.12810050758310898,-1.0,-1.053,-1.0,False
,2425,2024-11-23,Stuttgart,Bochum,H,A,9.0,0.09226863661901574,0.12136318184655731,0.11098115084131481,0.0,-0.0011696424281667506,-1.0,-1.053,-1.0,False
D2,1920,2019-08-17,Stuttgart,St Pauli,H,A,8.0,0.07410118377380748,0.13426264797172593,0.1277117222918407,0.0,0.021693778334725522,-1.0,-1.053,-1.0,False
D2,1920,2020-02-01,Hannover,Wehen,D,A,5.75,0.05087004292637021,0.1827600074654557,0.17567370993987289,0.0,0.010123832154269152,-1.0,-1.053,-1.0,False
D2,2021,2020-12-15,Greuther Furth,Darmstadt,A,A,5.0,0.031232307032289297,0.20624646140645786,0.2868550621406683,1.0,0.43427531070334147,4.0,3.947,3.96,False
D2,2021,2021-01-10,Paderborn,Erzgebirge Aue,H,A,4.75,0.05386652206209108,0.22186663622359815,0.226097114080166,0.0,0.0739612918807886,-1.0,-1.053,-1.0,False
D2,2021,2021-02-07,Greuther Furth,Wurzburger Kickers,H,A,7.0,0.07303784599113117,0.15329112085587587,0.17678685772772565,0.0,0.23750800409407957,-1.0,-1.053,-1.0,False
D2,2021,2021-05-23,Greuther Furth,Fortuna Dusseldorf,H,A,6.0,0.12896173877949968,0.18816028979658328,0.17528297469707355,0.0,0.051697848182441275,-1.0,-1.053,-1.0,False
D2,2122,2021-09-24,Regensburg,Erzgebirge Aue,H,A,5.5,0.031602160764097054,0.1875640292298358,0.17967902167208927,0.0,-0.011765380803508974,-1.0,-1.053,-1.0,False
D2,2122,2021-09-26,Hannover,Sandhausen,A,A,6.0,0.03339576984253201,0.17223262830708866,0.14824240096738675,1.0,-0.11054559419567944,5.0,4.947,4.95,False
D2,2122,2021-10-16,Karlsruhe,Erzgebirge Aue,H,A,5.5,0.037524013313158466,0.18864072969330153,0.17005638685687027,0.0,-0.06468987228721346,-1.0,-1.053,-1.0,False
D2,2122,2021-11-06,Paderborn,Ingolstadt,H,A,7.5,0.04210681700630947,0.13894757560084126,0.17395706604787206,0.0,0.3046779953590404,-1.0,-1.053,-1.0,False
D2,2122,2021-11-07,Schalke 04,Darmstadt,A,A,4.33,0.07090345061158865,0.24732181307426987,0.2515028506784688,1.0,0.08900734343776984,3.33,3.277,3.2966999999999995,False
D2,2223,2022-11-04,Darmstadt,Hannover,H,A,5.0,0.04281978058705849,0.20856395611741171,0.21692355025101043,0.0,0.08461775125505211,-1.0,-1.053,-1.0,False
D2,2223,2023-04-02,Holstein Kiel,Bielefeld,A,A,3.5,0.040282249618042165,0.2972234998908692,0.27375578557896996,1.0,-0.041854750473605096,2.5,2.447,2.475,False
D2,2223,2023-05-07,Braunschweig,Sandhausen,H,A,4.0,0.03325949807149975,0.25831487451787494,0.2225024253820154,0.0,-0.10999029847193842,-1.0,-1.053,-1.0,False
D2,2223,2023-05-07,Nurnberg,Kaiserslautern,D,A,3.8,0.030273931006708832,0.27112471868597604,0.256941072702601,0.0,-0.023623923730116125,-1.0,-1.053,-1.0,False
D2,2223,2023-05-21,Fortuna Dusseldorf,Hannover,D,A,4.75,0.05732279339865198,0.22259427229445305,0.24284878288364525,0.0,0.15353171869731486,-1.0,-1.053,-1.0,False
D2,2324,2023-09-03,Greuther Furth,Hannover,A,A,3.6,0.031750740358682306,0.28659742787741177,0.2611747486422372,1.0,-0.05977090488794601,2.6,2.547,2.574,False
D2,2324,2023-09-03,Hamburg,Hansa Rostock,H,A,6.5,0.050747654434000866,0.1616534852975386,0.13980641607999,0.0,-0.09125829548006492,-1.0,-1.053,-1.0,False
D2,2324,2023-09-17,Hannover,Osnabruck,H,A,4.33,0.03577817271785233,0.23920973965770262,0.22900644040012877,0.0,-0.00840211306744243,-1.0,-1.053,-1.0,False
D2,2324,2023-09-24,Fortuna Dusseldorf,Hannover,D,A,4.0,0.04182498761723008,0.2604562469043075,0.255757098402182,0.0,0.023028393608728104,-1.0,-1.053,-1.0,False
D2,2324,2024-03-17,Karlsruhe,Magdeburg,H,A,4.0,0.04712662211090102,0.26178165552772525,0.289283859394891,0.0,0.15713543757956394,-1.0,-1.053,-1.0,False
D2,2324,2024-05-19,Fortuna Dusseldorf,Magdeburg,H,A,3.75,0.04953543764633084,0.27987611670568824,0.25157673400317787,0.0,-0.05658724748808297,-1.0,-1.053,-1.0,False
,2425,2024-11-30,Darmstadt,PreuÃen MÃ¼nster,D,A,4.5,0.05586431084532717,0.2346365135211838,0.2023199971249698,0.0,-0.08956001293763582,-1.0,-1.053,-1.0,False
SP1,1920,2019-09-25,Real Madrid,Osasuna,H,A,13.0,0.035554232644047,0.07965801789569593,0.11422905364332243,0.0,0.48497769736319163,-1.0,-1.053,-1.0,False
SP1,1920,2019-10-06,Barcelona,Sevilla,H,A,7.0,0.07655978871994562,0.15379425553142081,0.12548739970950584,0.0,-0.1215882020334591,-1.0,-1.053,-1.0,False
SP1,2021,2020-12-06,Granada,Huesca,D,A,3.4,0.03665767512036222,0.3048993162118713,0.3023037892594046,0.0,0.027832883481975657,-1.0,-1.053,-1.0,False
SP1,2122,2022-02-21,Celta,Levante,D,A,6.0,0.050726481311989424,0.1751210802186649,0.16102602664212037,0.0,-0.033843840147277815,-1.0,-1.053,-1.0,False
SP1,2122,2022-05-15,Mallorca,Vallecano,H,A,6.5,0.04569375047970503,0.1608759616122623,0.17863461043762124,0.0,0.16112496784453811,-1.0,-1.053,-1.0,False
SP1,2223,2023-02-18,Betis,Valladolid,H,A,6.5,0.03916050766060697,0.15987084733240106,0.17573830184641442,0.0,0.14229896200169367,-1.0,-1.053,-1.0,False
SP1,2223,2023-04-22,Real Madrid,Celta,H,A,9.0,0.0325374414247106,0.11472638238052339,0.07761915793378377,0.0,-0.30142757859594616,-1.0,-1.053,-1.0,False
SP1,2223,2023-05-28,Ath Bilbao,Elche,A,A,11.0,0.10918781527980448,0.10083525593452768,0.11664301242585673,1.0,0.28307313668442413,10.0,9.947,9.9,False
SP1,2324,2023-09-17,Villarreal,Almeria,H,A,7.0,0.03052691797088425,0.14721813113869775,0.16608810824095815,0.0,0.16261675768670703,-1.0,-1.053,-1.0,False
SP1,2324,2023-12-04,Celta,Cadiz,D,A,6.5,0.05342098589007627,0.16206476706001172,0.14221916176301036,0.0,-0.07557544854043263,-1.0,-1.053,-1.0,False
SP1,2324,2023-12-18,Girona,Alaves,H,A,6.5,0.05101365767022337,0.16169440887234204,0.16405307555039675,0.0,0.06634499107757885,-1.0,-1.053,-1.0,False
,2425,2024-09-21,Real Madrid,Espanol,H,A,19.0,0.03428147435184714,0.05443586707114985,0.03819166908386317,0.0,-0.27435828740659973,-1.0,-1.053,-1.0,False
,2425,2024-12-22,Real Madrid,Sevilla,H,A,9.0,0.05099907582200047,0.1167776750913334,0.07644191394143207,0.0,-0.31202277452711136,-1.0,-1.053,-1.0,False
,2526,2025-09-30,Valencia,Oviedo,A,A,5.5,0.04232764079893503,0.18951411650889727,0.1725376799928752,1.0,-0.0510427600391864,4.5,4.447,4.455,False
I1,2122,2021-10-28,Napoli,Bologna,H,A,9.5,0.0693189885406329,0.11255989353059292,0.06874611955176642,0.0,-0.34691186425821907,-1.0,-1.053,-1.0,False
I1,2122,2021-12-12,Napoli,Empoli,A,A,10.0,0.03515404762219365,0.10351540476221938,0.11344759592995667,1.0,0.13447595929956657,9.0,8.947,8.91,False
I1,2223,2022-08-30,Inter,Cremonese,H,A,21.0,0.10148284889162063,0.05245156423293432,0.05875244606338135,0.0,0.23380136733100843,-1.0,-1.053,-1.0,False
I1,2223,2023-02-26,Udinese,Spezia,D,A,5.75,0.04905888575485773,0.18244502360954049,0.1938470642553382,0.0,0.11462061946819468,-1.0,-1.053,-1.0,False
,2526,2025-09-14,Atalanta,Lecce,H,A,8.5,0.03868738965791496,0.12219851643034295,0.09891356736501787,0.0,-0.1592346773973481,-1.0,-1.053,-1.0,False
,2526,2025-09-27,Como,Cremonese,D,A,8.0,0.051068774504761105,0.13138359681309514,0.11706104233480909,0.0,-0.0635116613215273,-1.0,-1.053,-1.0,False
,2526,2025-09-28,Roma,Verona,H,A,8.5,0.0374668637769946,0.12205492515023467,0.10351792017135787,0.0,-0.1200976785434581,-1.0,-1.053,-1.0,False
,2526,2025-10-29,Juventus,Udinese,H,A,8.5,0.05461083623237539,0.1240718630861618,0.12229986543674437,0.0,0.03954885621232718,-1.0,-1.053,-1.0,False
,2526,2025-11-03,Lazio,Cagliari,H,A,7.0,0.07403245613979359,0.1534332080199705,0.16258977965279575,0.0,0.13812845756957026,-1.0,-1.053,-1.0,False
F1,1920,2019-08-25,Monaco,Nimes,D,A,6.0,0.03934026532805124,0.1732233775546752,0.1705520280038209,0.0,0.023312168022925572,-1.0,-1.053,-1.0,False
F1,1920,2019-08-31,Nimes,Brest,H,A,4.2,0.061371664459913156,0.2527075391571222,0.22950520613193487,0.0,-0.03607813424587347,-1.0,-1.053,-1.0,False
F1,1920,2019-08-31,Toulouse,Amiens,H,A,4.2,0.04620998390061937,0.24909761521443316,0.27240810630190276,0.0,0.14411404646799175,-1.0,-1.053,-1.0,False
F1,1920,2019-09-21,Nice,Dijon,H,A,5.75,0.07960910089276463,0.1877581045030895,0.1713719048581411,0.0,-0.01461154706568868,-1.0,-1.053,-1.0,False
F1,1920,2019-09-28,Monaco,Brest,H,A,7.5,0.0591970734987568,0.1412262764665009,0.11875159812725979,0.0,-0.1093630140455516,-1.0,-1.053,-1.0,False
F1,1920,2019-10-06,Lille,Nimes,D,A,6.5,0.06798221352225298,0.16430495592650046,0.14941445491401012,0.0,-0.028806043058934194,-1.0,-1.053,-1.0,False
F1,1920,2019-10-19,Lyon,Dijon,D,A,10.0,0.09588508921417449,0.10958850892141744,0.1013384784713868,0.0,0.013384784713867948,-1.0,-1.053,-1.0,False
F1,1920,2019-11-09,Lille,Metz,D,A,7.0,0.07890984718234195,0.154129978168906,0.11969923602764178,0.0,-0.16210534780650754,-1.0,-1.053,-1.0,False
F1,1920,2020-01-11,Angers,Nice,D,A,4.33,0.037613329608402246,0.23963356341995434,0.19657294367595277,0.0,-0.14883915388312452,-1.0,-1.053,-1.0,False
F1,1920,2020-01-12,Paris SG,Monaco,D,A,13.0,0.044461939289796915,0.08034322609921515,0.04846877313739235,0.0,-0.3699059492138995,-1.0,-1.053,-1.0,False
F1,2021,2020-10-03,Lens,St Etienne,H,A,4.2,0.04984622889179602,0.24996338783137997,0.20564713328063902,0.0,-0.13628204022131607,-1.0,-1.053,-1.0,False
F1,2021,2020-10-25,Montpellier,Reims,A,A,4.2,0.13509658183484463,0.2702610909130582,0.22088107435406099,1.0,-0.07229948771294381,3.2,3.1470000000000002,3.168,False
F1,2021,2020-11-28,Paris SG,Bordeaux,D,A,17.0,0.05850985947041121,0.06226528585120066,0.06464861109457629,0.0,0.09902638860779689,-1.0,-1.053,-1.0,False
F1,2021,2020-12-20,St Etienne,Nimes,D,A,6.5,0.03338073979463241,0.15898165227609729,0.13999319050763803,0.0,-0.09004426170035273,-1.0,-1.053,-1.0,False
F1,2021,2021-05-16,Marseille,Angers,H,A,8.0,0.0495059277451273,0.1311882409681409,0.11732338457394607,0.0,-0.06141292340843141,-1.0,-1.053,-1.0,False
F1,2021,2021-05-23,Nantes,Montpellier,A,A,7.0,0.07496051290062744,0.1535657875572325,0.1548655005572416,1.0,0.08405850390069114,6.0,5.947,5.9399999999999995,False
F1,2122,2021-09-22,Lyon,Troyes,H,A,8.5,0.05764317856583423,0.12442860924303932,0.09042674727015296,0.0,-0.23137264820369985,-1.0,-1.053,-1.0,False
F1,2122,2022-02-26,Paris SG,St Etienne,H,A,19.0,0.15473929703247324,0.060775752475393324,0.051585313278619635,0.0,-0.01987904770622695,-1.0,-1.053,-1.0,False
F1,2223,2023-04-02,Paris SG,Lyon,A,A,7.0,0.04784577071523466,0.14969225295931923,0.14009246374968815,1.0,-0.019352753752182927,6.0,5.947,5.9399999999999995,False
F1,2324,2023-11-24,Paris SG,Monaco,H,A,6.5,0.0680700321613863,0.1643184664863671,0.15421112860984038,0.0,0.0023723359639624686,-1.0,-1.053,-1.0,False
,2425,2025-01-05,Lens,Toulouse,A,A,4.33,0.03926298188032584,0.24001454546889744,0.24231382990109468,1.0,0.04921888347173997,3.33,3.277,3.2966999999999995,False
,2526,2025-10-19,Lorient,Brest,D,A,3.0,0.04264956359458916,0.3475498545315297,0.35415032605938185,0.0,0.06245097817814549,-1.0,-1.053,-1.0,False
