Date,equity
2016-01-04,1.0
2016-01-05,1.0
2016-01-06,1.0
2016-01-07,1.0
2016-01-08,1.0
2016-01-11,1.0
2016-01-12,1.0
2016-01-13,1.0
2016-01-14,1.0
2016-01-15,1.0
2016-01-19,1.0
2016-01-20,1.0
2016-01-21,1.0
2016-01-22,1.0
2016-01-25,1.0
2016-01-26,1.0
2016-01-27,1.0
2016-01-28,1.0
2016-01-29,1.0
2016-02-01,1.0
2016-02-02,0.9835337732039043
2016-02-03,1.0032599225011094
2016-02-04,0.998083132542934
2016-02-05,0.9914066894506302
2016-02-08,0.9817574187123206
2016-02-09,0.9664900371945688
2016-02-10,0.966888503998993
2016-02-11,0.97138210063885
2016-02-12,0.9859219392171114
2016-02-16,0.9782644340903355
2016-02-17,0.9934709349178543
2016-02-18,0.9889429011126887
2016-02-19,0.9851381347010544
2016-02-22,0.9966654551011076
2016-02-23,0.9856454862375198
2016-02-24,0.9951555993168009
2016-02-25,0.9999573941278115
2016-02-26,0.9997485501184034
2016-02-29,1.0068871383591227
2016-03-01,1.0078794636105657
2016-03-02,1.0116541700221566
2016-03-03,1.0130786819853799
2016-03-04,1.0274363359972174
2016-03-07,1.0416277182962626
2016-03-08,1.0343222964370389
2016-03-09,1.0498585990847038
2016-03-10,1.0483960417314089
2016-03-11,1.052909932382247
2016-03-14,1.0481478514262348
2016-03-15,1.0428018724809272
2016-03-16,1.0518173023127686
2016-03-17,1.0581374830864818
2016-03-18,1.05714798645459
2016-03-21,1.0615194135365158
2016-03-22,1.0651243594030024
2016-03-23,1.0519521548802655
2016-03-24,1.0511636457799785
2016-03-28,1.052481109230981
2016-03-29,1.0489729998123585
2016-03-30,1.0412193764982944
2016-03-31,1.0365528998007765
2016-04-01,1.0263699418129657
2016-04-04,1.0169543039315379
2016-04-05,1.0175754108202035
2016-04-06,1.0280803620861352
2016-04-07,1.0249802089227853
2016-04-08,1.043858176218776
2016-04-11,1.0484954648076177
2016-04-12,1.0614770705186434
2016-04-13,1.0665091724765783
2016-04-14,1.0631807752527578
2016-04-15,1.0594459240927574
2016-04-18,1.0611605974187717
2016-04-19,1.0775202234298198
2016-04-20,1.0939242923694885
2016-04-21,1.086660192599809
2016-04-22,1.0761467405603782
2016-04-25,1.077899470870595
2016-04-26,1.0921026708429495
2016-04-27,1.0964575158705467
2016-04-28,1.1007047622346624
2016-04-29,1.104014972041957
2016-05-02,1.0962250877367417
2016-05-03,1.0780307279519319
2016-05-04,1.0771220182845216
2016-05-05,1.0737014652304833
2016-05-06,1.0798843082584229
2016-05-09,1.063440709483414
2016-05-10,1.0854579226041645
2016-05-11,1.0984279981786387
2016-05-12,1.104544453137383
2016-05-13,1.104166216805279
2016-05-16,1.1134103033939295
2016-05-17,1.1225098730933292
2016-05-18,1.115094217339188
2016-05-19,1.1106812939997155
2016-05-20,1.1113040532475809
2016-05-23,1.1074434362053056
2016-05-24,1.1099244606385976
2016-05-25,1.1185701126949368
2016-05-26,1.120077894507498
2016-05-27,1.123672974583883
2016-05-31,1.114092603853941
2016-06-01,1.1220779152554792
2016-06-02,1.126172617895892
2016-06-03,1.1324236071263025
2016-06-06,1.1400453027201376
2016-06-07,1.1424108873420986
2016-06-08,1.1497141709973862
2016-06-09,1.1463030276141968
2016-06-10,1.1433227228506588
2016-06-13,1.144196967061037
2016-06-14,1.1437935173518463
2016-06-15,1.1387506573979513
2016-06-16,1.13475602663785
2016-06-17,1.1429514062076582
2016-06-20,1.1359379402937604
2016-06-21,1.1243388852233782
2016-06-22,1.1219251665307475
2016-06-23,1.118981583409712
2016-06-24,1.114504426540969
2016-06-27,1.1153458555472693
2016-06-28,1.1169765879787024
2016-06-29,1.112442887419999
2016-06-30,1.1132852862156895
2016-07-01,1.1062437126638258
2016-07-05,1.101007871307293
2016-07-06,1.1008986959907623
2016-07-07,1.0965825228175472
2016-07-08,1.099697809655922
2016-07-11,1.1000292073544806
2016-07-12,1.1022876541380144
2016-07-13,1.1037479985122058
2016-07-14,1.1002737331793258
2016-07-15,1.0995035449238693
2016-07-18,1.1006661568609912
2016-07-19,1.0975950434110893
2016-07-20,1.0959072947424158
2016-07-21,1.0961925452448367
2016-07-22,1.0943143341752675
2016-07-25,1.0918863780398547
2016-07-26,1.0928891914665204
2016-07-27,1.0938252840843805
2016-07-28,1.0930705152196738
2016-07-29,1.095232124133424
2016-08-01,1.0916157964509936
2016-08-02,1.0933160522484633
2016-08-03,1.0915684983495713
2016-08-04,1.0915847584636331
2016-08-05,1.086024339314398
2016-08-08,1.0861048186859281
2016-08-09,1.087301425468881
2016-08-10,1.0894822487334646
2016-08-11,1.0875907674168486
2016-08-12,1.08598406768231
2016-08-15,1.0869972636244623
2016-08-16,1.0874752156448182
2016-08-17,1.0866916512081568
2016-08-18,1.0877310806512124
2016-08-19,1.0843367275997775
2016-08-22,1.0819302323507511
2016-08-23,1.0816724765652177
2016-08-24,1.078600087142021
2016-08-25,1.078567387296484
2016-08-26,1.0789641893065467
2016-08-29,1.0802741997644187
2016-08-30,1.0777998755807507
2016-08-31,1.0778893428277767
2016-09-01,1.0796681437150941
2016-09-02,1.0832157952276822
2016-09-06,1.085988574552526
2016-09-07,1.082584898907631
2016-09-08,1.0858909903563696
2016-09-09,1.0818064962776868
2016-09-12,1.0861131227644099
2016-09-13,1.0840852935606713
2016-09-14,1.0847459792054068
2016-09-15,1.0849348321396497
2016-09-16,1.0848500000772041
2016-09-19,1.0865151305433085
2016-09-20,1.0911965724069848
2016-09-21,1.0967402763216278
2016-09-22,1.0943618187095332
2016-09-23,1.0924061672929783
2016-09-26,1.091873005800357
2016-09-27,1.0890316875468262
2016-09-28,1.087430442184408
2016-09-29,1.0854410802065115
2016-09-30,1.0836970416297431
2016-10-03,1.0811968327404402
2016-10-04,1.0738912897773314
2016-10-05,1.0754261995036947
2016-10-06,1.0721838795883891
2016-10-07,1.0784691617078839
2016-10-10,1.0824088686763638
2016-10-11,1.0793717958503755
2016-10-12,1.0797795088279145
2016-10-13,1.0838850239912923
2016-10-14,1.0814798219950905
2016-10-17,1.0809175916114582
2016-10-18,1.0830268606370295
2016-10-19,1.0823707806367542
2016-10-20,1.0808388444763537
2016-10-21,1.07828812840035
2016-10-24,1.0774114503826022
2016-10-25,1.07357362652267
2016-10-26,1.0688374668895753
2016-10-27,1.0694210870899832
2016-10-28,1.0726433648357767
2016-10-31,1.0701283623029276
2016-11-01,1.0689608441337743
2016-11-02,1.0673555253771538
2016-11-03,1.065934296590119
2016-11-04,1.0671193317729022
2016-11-07,1.0658729372820692
2016-11-08,1.0579610100145762
2016-11-09,1.061213878078776
2016-11-10,1.0592724023707156
2016-11-11,1.0491662208151467
2016-11-14,1.0498920710756772
2016-11-15,1.050485089255601
2016-11-16,1.0514033361274873
2016-11-17,1.0470953574324
2016-11-18,1.0494983756602316
2016-11-21,1.0535917166782172
2016-11-22,1.053009438511032
2016-11-23,1.0520609779767724
2016-11-25,1.0542021241627575
2016-11-28,1.060826888621444
2016-11-29,1.0597708884134298
2016-11-30,1.0581751722801402
2016-12-01,1.0633738851543153
2016-12-02,1.063179950901009
2016-12-05,1.0671018738213378
2016-12-06,1.068093505232227
2016-12-07,1.0694034087788378
2016-12-08,1.0728346209612027
2016-12-09,1.071152066791208
2016-12-12,1.0664399682351429
2016-12-13,1.0636482017716598
2016-12-14,1.0644081363355784
2016-12-15,1.054023622124409
2016-12-16,1.0542477853905072
2016-12-19,1.054330853152922
2016-12-20,1.0509649758895037
2016-12-21,1.0587855652641383
2016-12-22,1.0561382436747633
2016-12-23,1.0595465190012598
2016-12-27,1.0634596504331388
2016-12-28,1.0676650365395335
2016-12-29,1.068469135413701
2016-12-30,1.0645462264086532
2017-01-03,1.0563087104554834
2017-01-04,1.0561834839967674
2017-01-05,1.0561834839967674
2017-01-06,1.0561834839967674
2017-01-09,1.0561834839967674
2017-01-10,1.0561834839967674
2017-01-11,1.0561834839967674
2017-01-12,1.0561834839967674
2017-01-13,1.0561834839967674
2017-01-17,1.0561834839967674
2017-01-18,1.0561834839967674
2017-01-19,1.0561834839967674
2017-01-20,1.0561834839967674
2017-01-23,1.0561834839967674
2017-01-24,1.0561834839967674
2017-01-25,1.0561834839967674
2017-01-26,1.0561834839967674
2017-01-27,1.0561834839967674
2017-01-30,1.0561834839967674
2017-01-31,1.0561834839967674
2017-02-01,1.0561834839967674
2017-02-02,1.0541255641781695
2017-02-03,1.0557662886712709
2017-02-06,1.0493512736159742
2017-02-07,1.044604018374731
2017-02-08,1.0494714968256558
2017-02-09,1.052737960858467
2017-02-10,1.057335665409648
2017-02-13,1.0505723889012768
2017-02-14,1.0516449261028755
2017-02-15,1.0513746766375818
2017-02-16,1.0506590089924062
2017-02-17,1.050314991613187
2017-02-21,1.0519296853400917
2017-02-22,1.049612772637957
2017-02-23,1.05294148761619
2017-02-24,1.0509409089317117
2017-02-27,1.051732730991496
2017-02-28,1.0509702939461434
2017-03-01,1.0465655127711377
2017-03-02,1.0379889276270484
2017-03-03,1.0409497894369308
2017-03-06,1.043856678000141
2017-03-07,1.0415473382694378
2017-03-08,1.0257158887516153
2017-03-09,1.0197849332666413
2017-03-10,1.011787534744347
2017-03-13,1.0076547012632209
2017-03-14,1.0069440763179391
2017-03-15,1.0119325611260195
2017-03-16,1.0127882105693522
2017-03-17,1.0133463209858693
2017-03-20,1.01078782548354
2017-03-21,1.006171321008818
2017-03-22,1.0040489138748856
2017-03-23,1.0010842448061024
2017-03-24,1.0033710405006682
2017-03-27,1.0018499113728085
2017-03-28,1.0047693786089162
2017-03-29,1.0114569749129034
2017-03-30,1.0141473678535693
2017-03-31,1.0202458260834861
2017-04-03,1.01803809408525
2017-04-04,1.0213138912384108
2017-04-05,1.0210649129952785
2017-04-06,1.0232256570322646
2017-04-07,1.0253657623042258
2017-04-10,1.0319402741707902
2017-04-11,1.034301721730782
2017-04-12,1.0333620304241793
2017-04-13,1.033331187154361
2017-04-17,1.0282172816382178
2017-04-18,1.025708298492674
2017-04-19,1.0134458746723578
2017-04-20,1.006741004288326
2017-04-21,1.0020928714015902
2017-04-24,0.9998517619245663
2017-04-25,1.006089653362641
2017-04-26,0.9983381141001592
2017-04-27,0.9996060632006342
2017-04-28,0.9982895137108747
2017-05-01,1.0057939102000435
2017-05-02,1.0002140791629774
2017-05-03,1.00326161930655
2017-05-04,0.9833844306563417
2017-05-05,0.9917641988664622
2017-05-08,0.9902113362383195
2017-05-09,0.985655792533159
2017-05-10,0.9973203043913247
2017-05-11,0.9987394816210928
2017-05-12,1.00084998354501
2017-05-15,1.0031800990412172
2017-05-16,1.002938808639025
2017-05-17,1.007002652594333
2017-05-18,1.0041614699874302
2017-05-19,1.0162117432570368
2017-05-22,1.0193865722752469
2017-05-23,1.0173263992962867
2017-05-24,1.015347840142252
2017-05-25,1.0004312268160722
2017-05-26,1.0076446083141197
2017-05-30,1.0027064770842433
2017-05-31,0.9969754312231786
2017-06-01,0.9950962139527834
2017-06-02,0.9959793596026745
2017-06-05,0.9957679874510301
2017-06-06,0.9986273568172153
2017-06-07,1.002778567959342
2017-06-08,1.0038509437086989
2017-06-09,1.005383713538554
2017-06-12,0.9991893024784002
2017-06-13,1.0016080348666228
2017-06-14,1.0002268531517342
2017-06-15,1.0031369086703221
2017-06-16,1.007461294497867
2017-06-19,1.0036724605635732
2017-06-20,1.0027131942043694
2017-06-21,0.9987825106317085
2017-06-22,0.9936168258336076
2017-06-23,0.9918170275355116
2017-06-26,0.9918229010869988
2017-06-27,0.9922431902784767
2017-06-28,0.9933775785603263
2017-06-29,0.9995867998374534
2017-06-30,1.0130950536622014
2017-07-03,1.0241192691168253
2017-07-05,1.0253522059916016
2017-07-06,1.0253522059916016
2017-07-07,1.0267709917262946
2017-07-10,1.0289269496258608
2017-07-11,1.0294559528181935
2017-07-12,1.0291926688579016
2017-07-13,1.0248120030290253
2017-07-14,1.0263489503421377
2017-07-17,1.0255906908253334
2017-07-18,1.0258633155445924
2017-07-19,1.0270599709937525
2017-07-20,1.0284056994726578
2017-07-21,1.0281396906751137
2017-07-24,1.0267531940704575
2017-07-25,1.0252416715024448
2017-07-26,1.0257887609341476
2017-07-27,1.0264421237507855
2017-07-28,1.0268210931425041
2017-07-31,1.026281510918067
2017-08-01,1.023028635650665
2017-08-02,1.0219062380039932
2017-08-03,1.0223935700262443
2017-08-04,1.019385333049593
2017-08-07,1.018934656478549
2017-08-08,1.0207618005675023
2017-08-09,1.0247519229542177
2017-08-10,1.0267947366595853
2017-08-11,1.0272185855186056
2017-08-14,1.0262366607794677
2017-08-15,1.0229641517483898
2017-08-16,1.0263813489636684
2017-08-17,1.0267128535553478
2017-08-18,1.026426213003877
2017-08-21,1.0266210121350277
2017-08-22,1.0261610539403003
2017-08-23,1.0270581466051305
2017-08-24,1.0259768603880801
2017-08-25,1.0268664223562944
2017-08-28,1.0309837260626369
2017-08-29,1.0302606059783612
2017-08-30,1.030461895741689
2017-08-31,1.0328611479857768
2017-09-01,1.033554432300846
2017-09-05,1.0327313131037996
2017-09-06,1.0332140671672216
2017-09-07,1.0349236947347846
2017-09-08,1.031496293933792
2017-09-11,1.0301481111283928
2017-09-12,1.0330774635190236
2017-09-13,1.0332131507188633
2017-09-14,1.0344902932482878
2017-09-15,1.0316832326769656
2017-09-18,1.0320748476032704
2017-09-19,1.0321200987944708
2017-09-20,1.0293231920199961
2017-09-21,1.0234660695480677
2017-09-22,1.0237498521928008
2017-09-25,1.0250617179086483
2017-09-26,1.0223353798117176
2017-09-27,1.022893538217791
2017-09-28,1.0224392646734846
2017-09-29,1.020600784989553
2017-10-02,1.0165154313358855
2017-10-03,1.0157101160426607
2017-10-04,1.0171543555996159
2017-10-05,1.0154944669146606
2017-10-06,1.0158855497012809
2017-10-09,1.0165053771814496
2017-10-10,1.0192441957022673
2017-10-11,1.0208503026628817
2017-10-12,1.0240701389578144
2017-10-13,1.0259473938234716
2017-10-16,1.023139617033266
2017-10-17,1.0206389496546555
2017-10-18,1.0192656077649715
2017-10-19,1.0215231031820033
2017-10-20,1.0198397619144284
2017-10-23,1.0215003404632326
2017-10-24,1.0208225413215408
2017-10-25,1.0188823103101332
2017-10-26,1.0155635729220036
2017-10-27,1.0139956189518085
2017-10-30,1.01452043089416
2017-10-31,1.0108874514858803
2017-11-01,1.0135838166375861
2017-11-02,1.014606809798652
2017-11-03,1.0140752809738338
2017-11-06,1.0214788266297683
2017-11-07,1.0209179563685953
2017-11-08,1.0215905418098417
2017-11-09,1.023968876567802
2017-11-10,1.0226765846719665
2017-11-13,1.0214054546289557
2017-11-14,1.0194970056290595
2017-11-15,1.0190542061021286
2017-11-16,1.0192959812293831
2017-11-17,1.0231770490336423
2017-11-20,1.0172580677613134
2017-11-21,1.0169646748324137
2017-11-22,1.0172781068921293
2017-11-24,1.0121188087835873
2017-11-27,1.0159595440346674
2017-11-28,1.0181137162258704
2017-11-29,1.0170549625520695
2017-11-30,1.0112354921690336
2017-12-01,1.0126107824600936
2017-12-04,1.0086944728635634
2017-12-05,1.0045620356465885
2017-12-06,1.0031494411249944
2017-12-07,0.9954418660299135
2017-12-08,0.9965789293670941
2017-12-11,0.9959914524317373
2017-12-12,0.9925939759605672
2017-12-13,0.9953879831514475
2017-12-14,0.9939619849193991
2017-12-15,0.9927975753386639
2017-12-18,0.9975182912171385
2017-12-19,0.9964890080242762
2017-12-20,0.9945346928984975
2017-12-21,0.992768335918299
2017-12-22,0.9965869020848575
2017-12-26,0.9979309221811195
2017-12-27,1.002454025197781
2017-12-28,1.0107998588148848
2017-12-29,1.013386666096535
2018-01-02,1.0191390956694593
2018-01-03,1.019018275705914
2018-01-04,1.019018275705914
2018-01-05,1.019018275705914
2018-01-08,1.019018275705914
2018-01-09,1.019018275705914
2018-01-10,1.019018275705914
2018-01-11,1.019018275705914
2018-01-12,1.019018275705914
2018-01-16,1.019018275705914
2018-01-17,1.019018275705914
2018-01-18,1.019018275705914
2018-01-19,1.019018275705914
2018-01-22,1.019018275705914
2018-01-23,1.019018275705914
2018-01-24,1.019018275705914
2018-01-25,1.019018275705914
2018-01-26,1.019018275705914
2018-01-29,1.019018275705914
2018-01-30,1.019018275705914
2018-01-31,1.019018275705914
2018-02-01,1.019018275705914
2018-02-02,1.0138285812499932
2018-02-05,1.0079935848885837
2018-02-06,1.0052289382821822
2018-02-07,0.9982235115337371
2018-02-08,0.9927539798063025
2018-02-09,0.9865193791970421
2018-02-12,0.9849913376162902
2018-02-13,0.9855608079207396
2018-02-14,0.9922570061738795
2018-02-15,0.9947150114289955
2018-02-16,0.9965067302697231
2018-02-20,0.9969478137059832
2018-02-21,0.9959686996407624
2018-02-22,1.0017104854408412
2018-02-23,1.0063627822141543
2018-02-26,1.008343522222194
2018-02-27,1.0042463160586057
2018-02-28,0.9962835273415824
2018-03-01,0.9942220575874946
2018-03-02,0.9914382501332013
2018-03-05,0.999628194481264
2018-03-06,0.9989301438802582
2018-03-07,0.9927838057745831
2018-03-08,0.9898477798967963
2018-03-09,0.9928358969059448
2018-03-12,0.9915388335169463
2018-03-13,0.9888919445823983
2018-03-14,0.9915120236523493
2018-03-15,0.9894816351642056
2018-03-16,0.9902610149715022
2018-03-19,0.9832358238824461
2018-03-20,0.988141651956431
2018-03-21,0.9971485524452036
2018-03-22,0.9946052613862897
2018-03-23,1.0013884554860948
2018-03-26,0.9978449271406158
2018-03-27,0.9935570038673502
2018-03-28,0.9934848732127451
2018-03-29,0.9999052750259321
2018-04-02,0.991068301829826
2018-04-03,0.9932869162095711
2018-04-04,0.9892680264897865
2018-04-05,0.9961474323259336
2018-04-06,0.9912120811811096
2018-04-09,1.0040377474304258
2018-04-10,1.0142870224028322
2018-04-11,1.0164249492329915
2018-04-12,1.0175608312412525
2018-04-13,1.0154398091987076
2018-04-16,1.008168172158125
2018-04-17,1.0078989432306193
2018-04-18,1.019749535175739
2018-04-19,1.0187083565122097
2018-04-20,1.014385610284648
2018-04-23,1.0179780467785462
2018-04-24,1.0159108063348385
2018-04-25,1.0209711085148778
2018-04-26,1.0214342255151767
2018-04-27,1.026252181022644
2018-04-30,1.0307390594400168
2018-05-01,1.0319849665589875
2018-05-02,1.0295172947358862
2018-05-03,1.036768622400459
2018-05-04,1.0366921279967574
2018-05-07,1.0307388484251383
2018-05-08,1.0340177687934924
2018-05-09,1.0384127499264906
2018-05-10,1.0391555299964672
2018-05-11,1.0327236028191125
2018-05-14,1.0356567568488484
2018-05-15,1.0361370290548784
2018-05-16,1.038771176485579
2018-05-17,1.037515689435521
2018-05-18,1.0417249246189166
2018-05-21,1.0480666638183584
2018-05-22,1.050669392877236
2018-05-23,1.0548870766994574
2018-05-24,1.0493159599855455
2018-05-25,1.0423951515868812
2018-05-29,1.0350002543026497
2018-05-30,1.038741740839799
2018-05-31,1.0355509965241776
2018-06-01,1.0307030786281186
2018-06-04,1.021479570759431
2018-06-05,1.022624527655249
2018-06-06,1.023837062689884
2018-06-07,1.021798184069233
2018-06-08,1.0217328559794847
2018-06-11,1.0153925900093883
2018-06-12,1.0227191232242574
2018-06-13,1.0170729508385883
2018-06-14,1.0097280845304786
2018-06-15,1.006312396296049
2018-06-18,1.0021113045344723
2018-06-19,0.997247924248301
2018-06-20,0.9990347525493484
2018-06-21,0.9996232542066004
2018-06-22,1.0006509379838606
2018-06-25,0.9931517524274422
2018-06-26,0.9915051942110379
2018-06-27,0.991205740812629
2018-06-28,0.9882002225527159
2018-06-29,0.9940931136557153
2018-07-02,0.9847006484361075
2018-07-03,0.9840690319207543
2018-07-05,0.9829633345362457
2018-07-06,0.9868728425530181
2018-07-09,0.984895502077442
2018-07-10,0.9848344786523
2018-07-11,0.9823922378818568
2018-07-12,0.9824546927293867
2018-07-13,0.9810190883273439
2018-07-16,0.982473852594982
2018-07-17,0.9831604645709122
2018-07-18,0.9833465500642568
2018-07-19,0.9838419382784559
2018-07-20,0.984211806254597
2018-07-23,0.9839046228798776
2018-07-24,0.9851984237870969
2018-07-25,0.986233552365895
2018-07-26,0.9850271458930658
2018-07-27,0.986307992224301
2018-07-30,0.9870917282051263
2018-07-31,0.9893065539959424
2018-08-01,0.9881329949305963
2018-08-02,0.9871313015846664
2018-08-03,0.9879549478233363
2018-08-06,0.9867663834353266
2018-08-07,0.9871963621275591
2018-08-08,0.9879509367632284
2018-08-09,0.9879410446897493
2018-08-10,0.9871495530239828
2018-08-13,0.9835368847389125
2018-08-14,0.9841209402838582
2018-08-15,0.9783175939709116
2018-08-16,0.9796802914810483
2018-08-17,0.9816557319832744
2018-08-20,0.9818639106428598
2018-08-21,0.982222174489166
2018-08-22,0.9823687258758489
2018-08-23,0.9798128879533106
2018-08-24,0.9834626047262756
2018-08-27,0.9843275888741053
2018-08-28,0.9824905147768939
2018-08-29,0.9831528926577641
2018-08-30,0.9814657697336375
2018-08-31,0.9809952954564884
2018-09-04,0.9780505374101345
2018-09-05,0.9778838763454051
2018-09-06,0.9772689642456482
2018-09-07,0.9770327145833401
2018-09-10,0.9778330936890166
2018-09-11,0.9784802511865063
2018-09-12,0.9801117589123578
2018-09-13,0.9788335836250661
2018-09-14,0.9757464549454508
2018-09-17,0.978006940510125
2018-09-18,0.9816090616533409
2018-09-19,0.9823653129653328
2018-09-20,0.9855479729349949
2018-09-21,0.9856916682732408
2018-09-24,0.987418449227503
2018-09-25,0.9893729343675207
2018-09-26,0.9858847177253944
2018-09-27,0.9868696770924389
2018-09-28,0.9882468699035022
2018-10-01,0.990791044291754
2018-10-02,0.9947134132297658
2018-10-03,0.9970673555039096
2018-10-04,0.9946454720709753
2018-10-05,0.9942335918415712
2018-10-08,0.995395317078124
2018-10-09,0.9955954718101274
2018-10-10,0.9947769498661568
2018-10-11,0.997669296099365
2018-10-12,0.9955707895654603
2018-10-15,0.9998034526135701
2018-10-16,0.9991886126957914
2018-10-17,1.001387914203349
2018-10-18,0.9981102414847193
2018-10-19,0.9991915517837391
2018-10-22,0.9956643632163477
2018-10-23,0.9996727265859923
2018-10-24,0.998565580215966
2018-10-25,0.9975645857980675
2018-10-26,0.9987316646023137
2018-10-29,0.9950801177047363
2018-10-30,0.9953276994438476
2018-10-31,0.9957507692879175
2018-11-01,0.9990304419701195
2018-11-02,1.0005887583858506
2018-11-05,1.0077809943826879
2018-11-06,1.0060973668369049
2018-11-07,1.0059562517167717
2018-11-08,1.0058419902657414
2018-11-09,1.0074506512755268
2018-11-12,1.009992119901264
2018-11-13,1.0147066229337383
2018-11-14,1.0357259032345414
2018-11-15,1.0171268419343114
2018-11-16,1.030324453832679
2018-11-19,1.035668573420621
2018-11-20,1.0334565294619005
2018-11-21,1.0337081953468619
2018-11-23,1.0324875676143004
2018-11-26,1.026975548096821
2018-11-27,1.0243477294803067
2018-11-28,1.0366115529313507
2018-11-29,1.0351496181080444
2018-11-30,1.0347647983400554
2018-12-03,1.030820163633976
2018-12-04,1.0359037435772025
2018-12-06,1.0330027222514326
2018-12-07,1.0382468992475444
2018-12-10,1.037196195405028
2018-12-11,1.0338515934417252
2018-12-12,1.0291665326053387
2018-12-13,1.029856462398273
2018-12-14,1.0199713299229394
2018-12-17,1.0144316224873557
2018-12-18,1.021698008258487
2018-12-19,1.0186353478493613
2018-12-20,1.021260751269249
2018-12-21,1.0205132056815882
2018-12-24,1.0194250460495848
2018-12-26,1.0171269137977772
2018-12-27,1.0215399462488526
2018-12-28,1.0176444597426944
2018-12-31,1.00851915290165
2019-01-02,1.0079656147165994
2019-01-03,1.0078461193804453
2019-01-04,1.0078461193804453
2019-01-07,1.0078461193804453
2019-01-08,1.0078461193804453
2019-01-09,1.0078461193804453
2019-01-10,1.0078461193804453
2019-01-11,1.0078461193804453
2019-01-14,1.0078461193804453
2019-01-15,1.0078461193804453
2019-01-16,1.0078461193804453
2019-01-17,1.0078461193804453
2019-01-18,1.0078461193804453
2019-01-22,1.0078461193804453
2019-01-23,1.0078461193804453
2019-01-24,1.0078461193804453
2019-01-25,1.0078461193804453
2019-01-28,1.0078461193804453
2019-01-29,1.0078461193804453
2019-01-30,1.0078461193804453
2019-01-31,1.0078461193804453
2019-02-01,1.0078461193804453
2019-02-04,1.0070177971290002
2019-02-05,1.0031156543956945
2019-02-06,1.0063180677625507
2019-02-07,1.0005257161540233
2019-02-08,1.0025603613426963
2019-02-11,0.9998093333834106
2019-02-12,1.0031117123441409
2019-02-13,1.0090856973666065
2019-02-14,1.015093581037545
2019-02-15,1.0231051137599005
2019-02-19,1.0237791819861508
2019-02-20,1.0272633935801947
2019-02-21,1.0271288314915692
2019-02-22,1.0274342575023392
2019-02-25,1.0174191413139109
2019-02-26,1.0206057206709127
2019-02-27,1.0258583134458406
2019-02-28,1.0261204217121098
2019-03-01,1.0200144078338538
2019-03-04,1.0229249593944871
2019-03-05,1.0267920496875715
2019-03-06,1.0231518837882694
2019-03-07,1.0196035611878331
2019-03-08,1.0194215886398454
2019-03-11,1.020404203751049
2019-03-12,1.0270592683698019
2019-03-13,1.0333729164783996
2019-03-14,1.0339156008614707
2019-03-15,1.036656352560343
2019-03-18,1.0393283303773206
2019-03-19,1.0394153678141511
2019-03-20,1.0447575724775364
2019-03-21,1.0459913096573492
2019-03-22,1.042130876166661
2019-03-25,1.0447031964604578
2019-03-26,1.0476495822260776
2019-03-27,1.0430526656531933
2019-03-28,1.041117130626312
2019-03-29,1.0370634136824222
2019-04-01,1.0464788828877705
2019-04-02,1.0509425002066353
2019-04-03,1.0547708494571923
2019-04-04,1.0556180544136413
2019-04-05,1.0581501448461532
2019-04-08,1.0614906235780746
2019-04-09,1.0597328140979705
2019-04-10,1.065008698403828
2019-04-11,1.0605759557689702
2019-04-12,1.0622352668788146
2019-04-15,1.0607386254468365
2019-04-16,1.0569756549267073
2019-04-17,1.0554155845490691
2019-04-18,1.0570978853815856
2019-04-22,1.0613964068254977
2019-04-23,1.0607111891128338
2019-04-24,1.0548287375931003
2019-04-25,1.0538246503718647
2019-04-26,1.046994079185591
2019-04-29,1.0451035788279377
2019-04-30,1.046491578968042
2019-05-01,1.0483975180231004
2019-05-02,1.0421988969650722
2019-05-03,1.041021089184281
2019-05-06,1.0390731346978435
2019-05-07,1.0313690570173206
2019-05-08,1.032096011867422
2019-05-09,1.0253019727758963
2019-05-10,1.025426208218593
2019-05-13,1.0240187729845083
2019-05-14,1.038657770829908
2019-05-15,1.042589652407995
2019-05-16,1.0551200413988304
2019-05-17,1.0481917603126367
2019-05-20,1.0549105392923062
2019-05-21,1.054694658877216
2019-05-22,1.0482229426367182
2019-05-23,1.0323747345835739
2019-05-24,1.0449668483520147
2019-05-28,1.05665534275236
2019-05-29,1.0542573601209986
2019-05-30,1.0529909389116316
2019-05-31,1.0303157463997943
2019-06-03,1.0283076720584015
2019-06-04,1.0274738662799063
2019-06-05,1.0200701973877155
2019-06-06,1.0254328278092404
2019-06-07,1.020670711472287
2019-06-10,1.0230342063197295
2019-06-11,1.0263038105374558
2019-06-12,1.0311237420746548
2019-06-13,1.0348375960823617
2019-06-14,1.0370432703726589
2019-06-17,1.04048485149058
2019-06-18,1.0370909270118975
2019-06-19,1.0322125702270109
2019-06-20,1.0360792454029333
2019-06-21,1.0325064519383824
2019-06-24,1.036293249903518
2019-06-25,1.0354268319956617
2019-06-26,1.0349538369962628
2019-06-27,1.033904225691407
2019-06-28,1.0279922016279994
2019-07-01,1.022673047350442
2019-07-02,1.0217324651523012
2019-07-03,1.0225972134619803
2019-07-05,1.021144852660663
2019-07-08,1.0216798330657497
2019-07-09,1.0226116542350703
2019-07-10,1.023403863939995
2019-07-11,1.0240594743118236
2019-07-12,1.025297990352144
2019-07-15,1.0240083085444076
2019-07-16,1.0223777220460242
2019-07-17,1.0219145108523555
2019-07-18,1.0219809567491704
2019-07-19,1.024039524284765
2019-07-22,1.0224088880797881
2019-07-23,1.0224750649278
2019-07-24,1.0230702972152113
2019-07-25,1.0220176213988867
2019-07-26,1.0220176213988867
2019-07-29,1.0228809248737312
2019-07-30,1.0217605007104626
2019-07-31,1.020495777348968
2019-08-01,1.0188802182760395
2019-08-02,1.0173631121554718
2019-08-05,1.0197232384092751
2019-08-06,1.0208847009302817
2019-08-07,1.026351662362461
2019-08-08,1.0263542588626278
2019-08-09,1.0260139020086936
2019-08-12,1.0275901047136835
2019-08-13,1.026270360325203
2019-08-14,1.0283305068279263
2019-08-15,1.029334607314636
2019-08-16,1.0279736494009064
2019-08-19,1.0252954298166315
2019-08-20,1.027782945415069
2019-08-21,1.0274577117115464
2019-08-22,1.0266846661399454
2019-08-23,1.0311388830323112
2019-08-26,1.0322253232025014
2019-08-27,1.036399892489097
2019-08-28,1.0369599848868603
2019-08-29,1.0356131085854252
2019-08-30,1.0358325870072416
2019-09-03,1.041743225822703
2019-09-04,1.0490784516544238
2019-09-05,1.0413898711543297
2019-09-06,1.03943975574966
2019-09-09,1.0431401247252932
2019-09-10,1.0420001529015317
2019-09-11,1.0418548557358798
2019-09-12,1.0428275450323394
2019-09-13,1.0402153978779662
2019-09-16,1.0462975058690076
2019-09-17,1.046175729464544
2019-09-18,1.0423680725631261
2019-09-19,1.0400711274614087
2019-09-20,1.0416729472501147
2019-09-23,1.0466582220527938
2019-09-24,1.045264495200736
2019-09-25,1.0387570953693328
2019-09-26,1.0355870203569417
2019-09-27,1.031101367364389
2019-09-30,1.0236652291281259
2019-10-01,1.0242662041308228
2019-10-02,1.0257260824615602
2019-10-03,1.0295816295846623
2019-10-04,1.0299710900229075
2019-10-07,1.026506438196834
2019-10-08,1.0287838335425397
2019-10-09,1.0264565357290085
2019-10-10,1.0225855007926428
2019-10-11,1.0228314965882384
2019-10-14,1.0268927244785944
2019-10-15,1.0272206570452191
2019-10-16,1.0257460581956126
2019-10-17,1.0279243446770518
2019-10-18,1.0289642962223866
2019-10-21,1.025089727831068
2019-10-22,1.0249292784528052
2019-10-23,1.0245549449270237
2019-10-24,1.028347831963535
2019-10-25,1.0299644369779972
2019-10-28,1.0319221654062498
2019-10-29,1.033895236248468
2019-10-30,1.0375020006767817
2019-10-31,1.0375693831080774
2019-11-01,1.040356488600343
2019-11-04,1.0441099108901135
2019-11-05,1.041849111637975
2019-11-06,1.040925033934179
2019-11-07,1.0349416876644602
2019-11-08,1.0323424930268263
2019-11-11,1.0267114799074284
2019-11-12,1.0263001773030793
2019-11-13,1.0290628181021897
2019-11-14,1.0288265791708433
2019-11-15,1.0292310161701763
2019-11-18,1.025439354665591
2019-11-19,1.0243496723030403
2019-11-20,1.02613709170106
2019-11-21,1.0258690415348464
2019-11-22,1.0278943248969084
2019-11-25,1.0221633876392398
2019-11-26,1.0220055227401343
2019-11-27,1.0192434070723315
2019-11-29,1.0131177811202943
2019-12-02,1.0130413453923568
2019-12-03,1.019675928428965
2019-12-04,1.0167662868000524
2019-12-05,1.0174604142895012
2019-12-06,1.0113831370718083
2019-12-09,1.0073895146059608
2019-12-10,1.008537652028294
2019-12-11,1.009527085970921
2019-12-12,1.0139157458827126
2019-12-13,1.012947973399319
2019-12-16,1.015393593164649
2019-12-17,1.0138286197047695
2019-12-18,1.0124818961791169
2019-12-19,1.0134030945025667
2019-12-20,1.0155225666596845
2019-12-23,1.0135411260918457
2019-12-24,1.0154793530003543
2019-12-26,1.0200001503300233
2019-12-27,1.0181750223548893
2019-12-30,1.0167885820300824
2019-12-31,1.016375962104596
2020-01-02,1.015563855673279
2020-01-03,1.0154434595580268
2020-01-06,1.0154434595580268
2020-01-07,1.0154434595580268
2020-01-08,1.0154434595580268
2020-01-09,1.0154434595580268
2020-01-10,1.0154434595580268
2020-01-13,1.0154434595580268
2020-01-14,1.0154434595580268
2020-01-15,1.0154434595580268
2020-01-16,1.0154434595580268
2020-01-17,1.0154434595580268
2020-01-21,1.0154434595580268
2020-01-22,1.0154434595580268
2020-01-23,1.0154434595580268
2020-01-24,1.0154434595580268
2020-01-27,1.0154434595580268
2020-01-28,1.0154434595580268
2020-01-29,1.0154434595580268
2020-01-30,1.0154434595580268
2020-01-31,1.0154434595580268
2020-02-03,1.0154434595580268
2020-02-04,1.012747509505652
2020-02-05,1.0215070102025472
2020-02-06,1.0213935520720498
2020-02-07,1.0208261191069155
2020-02-10,1.0170546216638745
2020-02-11,1.0188563257916696
2020-02-12,1.0298917325314645
2020-02-13,1.0311060448294966
2020-02-14,1.0335835743934276
2020-02-18,1.0343511980553048
2020-02-19,1.0415200758276753
2020-02-20,1.0427602960866462
2020-02-21,1.0386801365524503
2020-02-24,1.027605634033807
2020-02-25,1.0172829784325155
2020-02-26,1.0089103584502088
2020-02-27,0.9981749214711259
2020-02-28,0.9907375046403258
2020-03-02,1.0052978929264635
2020-03-03,1.004938992821751
2020-03-04,1.0045190988002108
2020-03-05,0.9938426904688838
2020-03-06,0.9647566000321887
2020-03-09,0.9001955900198385
2020-03-10,0.920979494724429
2020-03-11,0.9042687363443948
2020-03-12,0.8671358548572392
2020-03-13,0.8815030970680177
2020-03-16,0.8300920901577371
2020-03-17,0.8195325066992121
2020-03-18,0.7977007604577251
2020-03-19,0.8154491493737028
2020-03-20,0.8060580093903326
2020-03-23,0.7964254982731531
2020-03-24,0.7973900546871525
2020-03-25,0.8178069001272399
2020-03-26,0.8088494382445767
2020-03-27,0.7958184702124617
2020-03-30,0.7860984816655827
2020-03-31,0.7823460202662306
2020-04-01,0.7719243968138957
2020-04-02,0.8135570190527768
2020-04-03,0.8417595533241373
2020-04-06,0.8362534726075483
2020-04-07,0.824178219512693
2020-04-08,0.8379252600028985
2020-04-09,0.8272012788206805
2020-04-13,0.8295217001165908
2020-04-14,0.8177819910665747
2020-04-15,0.8044504684072897
2020-04-16,0.7991578012048547
2020-04-17,0.8007068732930255
2020-04-20,0.7793394299797194
2020-04-21,0.7308537788866295
2020-04-22,0.734275398459753
2020-04-23,0.7401273199211609
2020-04-24,0.7358180027003538
2020-04-27,0.7130780868483534
2020-04-28,0.712983622833368
2020-04-29,0.7277271467211542
2020-04-30,0.745216222146186
2020-05-01,0.7423192771365529
2020-05-04,0.7546493988450209
2020-05-05,0.7760498609994456
2020-05-06,0.7667695028268552
2020-05-07,0.7701546275042007
2020-05-08,0.7831302637304386
2020-05-11,0.7767421395098384
2020-05-12,0.773237725615809
2020-05-13,0.7601002503837834
2020-05-14,0.7755917660720939
2020-05-15,0.786927662667953
2020-05-18,0.8054324317142759
2020-05-19,0.8052748833294241
2020-05-20,0.814793459700797
2020-05-21,0.8179825223386918
2020-05-22,0.8101995662959729
2020-05-26,0.8162572760804774
2020-05-27,0.8075734142414902
2020-05-28,0.8120366272333676
2020-05-29,0.8222895283164623
2020-06-01,0.8244180819671104
2020-06-02,0.8243581460125687
2020-06-03,0.8251844761814968
2020-06-04,0.8310170279729877
2020-06-05,0.8308729312767171
2020-06-08,0.8301133389450291
2020-06-09,0.828162418655876
2020-06-10,0.8275504308001939
2020-06-11,0.8258247650353755
2020-06-12,0.826559277379363
2020-06-15,0.8251759816306111
2020-06-16,0.8236335902767088
2020-06-17,0.8236814033871881
2020-06-18,0.8224147308950563
2020-06-19,0.8230891077225173
2020-06-22,0.8226357088591849
2020-06-23,0.8213286038640831
2020-06-24,0.8189999049233752
2020-06-25,0.8175373012344461
2020-06-26,0.8120648278852329
2020-06-29,0.8175458181111024
2020-06-30,0.8240487248754412
2020-07-01,0.8295228191721045
2020-07-02,0.8291124729374986
2020-07-06,0.8299864529049149
2020-07-07,0.829351555657768
2020-07-08,0.8294677898504577
2020-07-09,0.8297580176168093
2020-07-10,0.8288322076112655
2020-07-13,0.827370937883174
2020-07-14,0.827964883457835
2020-07-15,0.8282009387991344
2020-07-16,0.8286718415237562
2020-07-17,0.8292574775838242
2020-07-20,0.8293738672621093
2020-07-21,0.8290251442175506
2020-07-22,0.8293751924680243
2020-07-23,0.8295495514975185
2020-07-24,0.8294335279272647
2020-07-27,0.8297239469424871
2020-07-28,0.8287396263909581
2020-07-29,0.8287396263909581
2020-07-30,0.8289152052593359
2020-07-31,0.8291488668348838
2020-08-03,0.8293236738351408
2020-08-04,0.8364874610967324
2020-08-05,0.840023536258997
2020-08-06,0.8472752881606525
2020-08-07,0.8437544443557071
2020-08-10,0.8460721413379279
2020-08-11,0.8300288928570528
2020-08-12,0.8299616188645179
2020-08-13,0.8391157758006885
2020-08-14,0.8358856899433226
2020-08-17,0.8412357572501038
2020-08-18,0.8428472502884208
2020-08-19,0.83693001309305
2020-08-20,0.8399642881697782
2020-08-21,0.8369627186752432
2020-08-24,0.8354807453141582
2020-08-25,0.836125697607582
2020-08-26,0.8398483700784143
2020-08-27,0.8375306961705377
2020-08-28,0.8404843150119337
2020-08-31,0.8427196259756039
2020-09-01,0.8425307807671656
2020-09-02,0.8392416038417349
2020-09-03,0.8351526461000436
2020-09-04,0.8398440793003906
2020-09-08,0.8319875093124265
2020-09-09,0.8343058006413456
2020-09-10,0.8304326003034211
2020-09-11,0.828418608809381
2020-09-14,0.8325644571479801
2020-09-15,0.8333091363063172
2020-09-16,0.8306947289837695
2020-09-17,0.8257909676100882
2020-09-18,0.8275765785327899
2020-09-21,0.8218398862001056
2020-09-22,0.8171439397054684
2020-09-23,0.8160117283306135
2020-09-24,0.8196980791284522
2020-09-25,0.8169485757214281
2020-09-28,0.8194978756143202
2020-09-29,0.8141611589538826
2020-09-30,0.8114257198021204
2020-10-01,0.8125568240757275
2020-10-02,0.8114735082974671
2020-10-05,0.8195300031159852
2020-10-06,0.8116824379211784
2020-10-07,0.8155672933025494
2020-10-08,0.8173048088974945
2020-10-09,0.8269050009394533
2020-10-12,0.8289231167979795
2020-10-13,0.8237252891311786
2020-10-14,0.818745821849085
2020-10-15,0.8233926123546693
2020-10-16,0.8217566265655358
2020-10-19,0.8237898337249022
2020-10-20,0.8250667226235672
2020-10-21,0.8283886062310466
2020-10-22,0.8247645371601793
2020-10-23,0.8226746282723097
2020-10-26,0.8228095283074752
2020-10-27,0.8250013950492273
2020-10-28,0.8197605780677185
2020-10-29,0.8197494593956186
2020-10-30,0.822421657703839
2020-11-02,0.8216274444751899
2020-11-03,0.8179112884086122
2020-11-04,0.816925255126986
2020-11-05,0.8206606126714471
2020-11-06,0.8202969059680095
2020-11-09,0.8110220209483621
2020-11-10,0.813961657790376
2020-11-11,0.8161870136945925
2020-11-12,0.8146649140690819
2020-11-13,0.8172110189651884
2020-11-16,0.8103432721062875
2020-11-17,0.8089816934197224
2020-11-18,0.8076857464053521
2020-11-19,0.804082629456434
2020-11-20,0.8057952908951158
2020-11-23,0.8034848045433943
2020-11-24,0.8032001277147058
2020-11-25,0.805184153188672
2020-11-27,0.7987198911457741
2020-11-30,0.8007532270435271
2020-12-01,0.8059104164295658
2020-12-02,0.8029933840664464
2020-12-03,0.7969711275673786
2020-12-04,0.7985886394022256
2020-12-07,0.7966847495389983
2020-12-08,0.7975070613401289
2020-12-09,0.7936308047627121
2020-12-10,0.7984952633884775
2020-12-11,0.7990293997376502
2020-12-14,0.8002747919623123
2020-12-15,0.8038720950635059
2020-12-16,0.8077072152776318
2020-12-17,0.8097031815987693
2020-12-18,0.8100228995939148
2020-12-21,0.8111026346130781
2020-12-22,0.8086334481598466
2020-12-23,0.8062006217516602
2020-12-24,0.8056887164057737
2020-12-28,0.8005102775009088
2020-12-29,0.8041635798498911
2020-12-30,0.8054539131670325
2020-12-31,0.8088919411050299
2021-01-04,0.815458391150042
2021-01-05,0.8153617177386207
2021-01-06,0.8153617177386207
2021-01-07,0.8153617177386207
2021-01-08,0.8153617177386207
2021-01-11,0.8153617177386207
2021-01-12,0.8153617177386207
2021-01-13,0.8153617177386207
2021-01-14,0.8153617177386207
2021-01-15,0.8153617177386207
2021-01-19,0.8153617177386207
2021-01-20,0.8153617177386207
2021-01-21,0.8153617177386207
2021-01-22,0.8153617177386207
2021-01-25,0.8153617177386207
2021-01-26,0.8153617177386207
2021-01-27,0.8153617177386207
2021-01-28,0.8153617177386207
2021-01-29,0.8153617177386207
2021-02-01,0.8153617177386207
2021-02-02,0.8198321800781345
2021-02-03,0.8240877494270813
2021-02-04,0.8255509846686817
2021-02-05,0.8271713382403947
2021-02-08,0.8318069333527661
2021-02-09,0.8326677965292397
2021-02-10,0.8316533808413301
2021-02-11,0.8305653040520597
2021-02-12,0.837449599521591
2021-02-16,0.8420865820848993
2021-02-17,0.8453216005658218
2021-02-18,0.8415855442378009
2021-02-19,0.8394793830741433
2021-02-22,0.8485240425876558
2021-02-23,0.8510786442530321
2021-02-24,0.8556292310241508
2021-02-25,0.8551624301022772
2021-02-26,0.8497065820768667
2021-03-01,0.8466054446278312
2021-03-02,0.8468816027067241
2021-03-03,0.8492057042695434
2021-03-04,0.8589716074932755
2021-03-05,0.8708608954442341
2021-03-08,0.8642179126787781
2021-03-09,0.8643299865456933
2021-03-10,0.8664548051158085
2021-03-11,0.8726503703765078
2021-03-12,0.8709506325682902
2021-03-15,0.8691587420146167
2021-03-16,0.867629226422649
2021-03-17,0.8643695782204269
2021-03-18,0.8401661755050376
2021-03-19,0.8468399275641627
2021-03-22,0.8469296015384882
2021-03-23,0.8345501613742338
2021-03-24,0.8469596343498876
2021-03-25,0.8357537295195442
2021-03-26,0.8467007240190807
2021-03-29,0.8486740159877175
2021-03-30,0.8409009044502931
2021-03-31,0.8472978453331399
2021-04-01,0.8518489498035903
2021-04-05,0.8452385111142151
2021-04-06,0.8475773891573795
2021-04-07,0.8483124115913944
2021-04-08,0.8537924093661226
2021-04-09,0.8539935165217959
2021-04-12,0.8518230399618846
2021-04-13,0.8572785863495604
2021-04-14,0.8716307261224592
2021-04-15,0.8746275540147881
2021-04-16,0.8745404160889586
2021-04-19,0.8769898965538302
2021-04-20,0.8790711678959942
2021-04-21,0.8776177682681875
2021-04-22,0.88990768937778
2021-04-23,0.8932902813552362
2021-04-26,0.9015495315010221
2021-04-27,0.9040827969506758
2021-04-28,0.9002938503541692
2021-04-29,0.9065170707946261
2021-04-30,0.9078372742991666
2021-05-03,0.909617382905985
2021-05-04,0.9215429130681116
2021-05-05,0.9274552606378785
2021-05-06,0.9325248873994635
2021-05-07,0.9364793429378495
2021-05-10,0.9269364856611519
2021-05-11,0.9334199121227192
2021-05-12,0.9316902726899121
2021-05-13,0.9094537640695095
2021-05-14,0.9115097896661475
2021-05-17,0.9149370950325765
2021-05-18,0.9154586092298194
2021-05-19,0.9034474113671193
2021-05-20,0.8974813265872222
2021-05-21,0.901692661424086
2021-05-24,0.906824142002669
2021-05-25,0.9008117868196944
2021-05-26,0.9037474586761521
2021-05-27,0.9176983415795789
2021-05-28,0.9139852578626525
2021-06-01,0.9296751200167593
2021-06-02,0.9301044304714906
2021-06-03,0.926192579737872
2021-06-04,0.9337685157880627
2021-06-07,0.936168883194329
2021-06-08,0.9395680435702807
2021-06-09,0.9376896690012801
2021-06-10,0.9395653332240311
2021-06-11,0.9366984522415136
2021-06-14,0.9270106050646262
2021-06-15,0.9220514900106964
2021-06-16,0.9194462618197736
2021-06-17,0.9010902242458197
2021-06-18,0.9146625386975968
2021-06-21,0.9154019977274889
2021-06-22,0.90940948451686
2021-06-23,0.9096768525256712
2021-06-24,0.907387092751286
2021-06-25,0.9018833309178907
2021-06-28,0.9123244851295219
2021-06-29,0.9110511146451924
2021-06-30,0.929097635222224
2021-07-01,0.9266638771114551
2021-07-02,0.9267639447158972
2021-07-06,0.9208500839339715
2021-07-07,0.9226257154615938
2021-07-08,0.9221792234505871
2021-07-09,0.9225053696255748
2021-07-12,0.9243747599832249
2021-07-13,0.9243348465150326
2021-07-14,0.9262513921327922
2021-07-15,0.9259378075228262
2021-07-16,0.9261737206516301
2021-07-19,0.9255460728322717
2021-07-20,0.9265327956923142
2021-07-21,0.9265327956923142
2021-07-22,0.9248517434894549
2021-07-23,0.9239376245661436
2021-07-26,0.9249000586356402
2021-07-27,0.9247808677592694
2021-07-28,0.9248206441908527
2021-07-29,0.9260134450719576
2021-07-30,0.9242447481280274
2021-08-02,0.9246046882672015
2021-08-03,0.9250085439915186
2021-08-04,0.9244834930646725
2021-08-05,0.9231755731026571
2021-08-06,0.9177779993121163
2021-08-09,0.91301220726148
2021-08-10,0.9124947322399143
2021-08-11,0.914681134191289
2021-08-12,0.9132794849669641
2021-08-13,0.9165843005025504
2021-08-16,0.9175838815237307
2021-08-17,0.9166163035808744
2021-08-18,0.9161017102302125
2021-08-19,0.9147805652284448
2021-08-20,0.9141495283816541
2021-08-23,0.9175320512790364
2021-08-24,0.9183272452873221
2021-08-25,0.9177317536996626
2021-08-26,0.9168387864072194
2021-08-27,0.9202308597880359
2021-08-30,0.9194881947297411
2021-08-31,0.9191771117814928
2021-09-01,0.920137413024036
2021-09-02,0.9194273225596943
2021-09-03,0.924789804677435
2021-09-07,0.9189487774961894
2021-09-08,0.9242932233941865
2021-09-09,0.9267868105333719
2021-09-10,0.9244108818132027
2021-09-13,0.9287165496230073
2021-09-14,0.931677555944511
2021-09-15,0.9340312873667638
2021-09-16,0.925507362337723
2021-09-17,0.9190305362546772
2021-09-20,0.916939640966295
2021-09-21,0.9166445620559296
2021-09-22,0.9157666635945341
2021-09-23,0.9197503500924994
2021-09-24,0.9211001395925698
2021-09-27,0.9336757848357314
2021-09-28,0.9312736644330679
2021-09-29,0.92112323500862
2021-09-30,0.9318646136334158
2021-10-01,0.9294146930282728
2021-10-04,0.9358696636064713
2021-10-05,0.9415461214891986
2021-10-06,0.9332021886446261
2021-10-07,0.9331518524752126
2021-10-08,0.9309764970360841
2021-10-11,0.9270309612983076
2021-10-12,0.9286650643909066
2021-10-13,0.9355391387967863
2021-10-14,0.9380685957449798
2021-10-15,0.9319476736633621
2021-10-18,0.9244520552060563
2021-10-19,0.9282181002414742
2021-10-20,0.9337814530575854
2021-10-21,0.9329001093729157
2021-10-22,0.9353939947780668
2021-10-25,0.9471508982198058
2021-10-26,0.9427732300796909
2021-10-27,0.945094770208608
2021-10-28,0.9395803421362942
2021-10-29,0.9340253798231134
2021-11-01,0.9296910459072404
2021-11-02,0.9331994432317038
2021-11-03,0.9376338167014326
2021-11-04,0.9375364950094285
2021-11-05,0.9389225400054563
2021-11-08,0.9370666649543983
2021-11-09,0.9292015094435949
2021-11-10,0.9306027633099575
2021-11-11,0.9372814582869449
2021-11-12,0.9319915599501623
2021-11-15,0.9353067062853971
2021-11-16,0.935675777112687
2021-11-17,0.932593769279843
2021-11-18,0.9318497399156292
2021-11-19,0.9323341843876995
2021-11-22,0.9241610642236052
2021-11-23,0.9262042075105003
2021-11-24,0.9254002406169414
2021-11-26,0.9275676133228759
2021-11-29,0.9182311798247438
2021-11-30,0.9125541591391184
2021-12-01,0.9037146922223848
2021-12-02,0.900817938263187
2021-12-03,0.901402293864251
2021-12-06,0.8919196102281954
2021-12-07,0.8939251792740899
2021-12-08,0.8958069002010854
2021-12-09,0.8924145320629753
2021-12-10,0.8960491619307717
2021-12-13,0.895627900775116
2021-12-14,0.8927739326398074
2021-12-15,0.8935966449049079
2021-12-16,0.8955518901579538
2021-12-17,0.8927091349062234
2021-12-20,0.8953413878805728
2021-12-21,0.8961744176472359
2021-12-22,0.899945062009678
2021-12-23,0.8960172937390819
2021-12-27,0.9039100584249132
2021-12-28,0.9025730199163049
2021-12-29,0.9004723021024755
2021-12-30,0.8963038644675144
2021-12-31,0.9019162161452076
2022-01-03,0.9011669536196824
2022-01-04,0.9010601193720835
2022-01-05,0.9010601193720835
2022-01-06,0.9010601193720835
2022-01-07,0.9010601193720835
2022-01-10,0.9010601193720835
2022-01-11,0.9010601193720835
2022-01-12,0.9010601193720835
2022-01-13,0.9010601193720835
2022-01-14,0.9010601193720835
2022-01-18,0.9010601193720835
2022-01-19,0.9010601193720835
2022-01-20,0.9010601193720835
2022-01-21,0.9010601193720835
2022-01-24,0.9010601193720835
2022-01-25,0.9010601193720835
2022-01-26,0.9010601193720835
2022-01-27,0.9010601193720835
2022-01-28,0.9010601193720835
2022-01-31,0.9010601193720835
2022-02-01,0.9010601193720835
2022-02-02,0.9019554608378888
2022-02-03,0.9055690859100491
2022-02-04,0.911045778181802
2022-02-07,0.9108096214806904
2022-02-08,0.9057645796380821
2022-02-09,0.9082198919788806
2022-02-10,0.9075939263737287
2022-02-11,0.9164662745950509
2022-02-14,0.9193124959729708
2022-02-15,0.9109249864627362
2022-02-16,0.9069319064026384
2022-02-17,0.9101815108897824
2022-02-18,0.9123629173056477
2022-02-22,0.9163223405448023
2022-02-23,0.9188863768792366
2022-02-24,0.9222116090462302
2022-02-25,0.9194046661214642
2022-02-28,0.9266989531049767
2022-03-01,0.9454673418848737
2022-03-02,0.9648694842523599
2022-03-03,0.9778193860717306
2022-03-04,0.997397638623476
2022-03-07,1.0236780621473773
2022-03-08,1.0243072422653903
2022-03-09,0.9788135364023427
2022-03-10,0.9679670539802373
2022-03-11,0.9818992921029307
2022-03-14,0.9633779358286318
2022-03-15,0.9493641294881326
2022-03-16,0.936982032935997
2022-03-17,0.9679630158885174
2022-03-18,0.9685868082133575
2022-03-21,0.9986510264384556
2022-03-22,0.9953305656434146
2022-03-23,1.008494992318359
2022-03-24,0.9978056349064447
2022-03-25,1.0058354165020749
2022-03-28,0.9759842537667398
2022-03-29,0.9755394377961966
2022-03-30,0.9855238338934241
2022-03-31,0.9724341575637305
2022-04-01,0.9698071163368506
2022-04-04,0.9856272429826531
2022-04-05,0.9832788755937777
2022-04-06,0.9763547337314071
2022-04-07,0.9766435657686748
2022-04-08,0.9884494605389118
2022-04-11,0.9828153817824924
2022-04-12,1.0031743125406416
2022-04-13,1.0158680628107601
2022-04-14,1.0200918538345787
2022-04-18,1.0299903385657905
2022-04-19,1.0132156208392513
2022-04-20,1.0164122892280778
2022-04-21,1.0155945637099812
2022-04-22,1.0045003125482326
2022-04-25,0.999147280717508
2022-04-26,1.0108547464503528
2022-04-27,1.0155670747004741
2022-04-28,1.0207296469128446
2022-04-29,1.01332871394677
2022-05-02,1.0167206129307127
2022-05-03,1.0088068233607197
2022-05-04,1.0267354308801109
2022-05-05,1.0305035176309716
2022-05-06,1.034375952436055
2022-05-09,1.0048511698863691
2022-05-10,1.0011250701646903
2022-05-11,1.0235742439130353
2022-05-12,1.0346974912556368
2022-05-13,1.0457830435179165
2022-05-16,1.063445833080952
2022-05-17,1.0586426697337588
2022-05-18,1.0391908632960434
2022-05-19,1.043679234642403
2022-05-20,1.0454626425290607
2022-05-23,1.0505241478269047
2022-05-24,1.0439735344534324
2022-05-25,1.0443905995512661
2022-05-26,1.0530472094251262
2022-05-27,1.0634477795864707
2022-05-31,1.0525195575265014
2022-06-01,1.048816422464563
2022-06-02,1.0533199331113186
2022-06-03,1.0511376894132272
2022-06-06,1.059791955914056
2022-06-07,1.06083497268205
2022-06-08,1.0627256493911772
2022-06-09,1.0625429227956653
2022-06-10,1.0624436832230124
2022-06-13,1.057362820543135
2022-06-14,1.0545339327039054
2022-06-15,1.0554459379062928
2022-06-16,1.0622174570576723
2022-06-17,1.0555344950807408
2022-06-21,1.0434848696088854
2022-06-22,1.0385022816666896
2022-06-23,1.022118719820453
2022-06-24,1.0246530136892058
2022-06-27,1.0195441545982993
2022-06-28,1.0243085404708867
2022-06-29,1.025292257696869
2022-06-30,1.0133449829541419
2022-07-01,1.0006878407184232
2022-07-05,0.9955070838062059
2022-07-06,0.995668172786272
2022-07-07,0.9980809404678821
2022-07-08,1.0007571838739302
2022-07-11,1.0009493386124761
2022-07-12,0.9968442581962784
2022-07-13,0.9974020423096626
2022-07-14,0.9971245469241213
2022-07-15,0.9973629962662084
2022-07-18,0.9999406725164759
2022-07-19,0.9986229206122585
2022-07-20,0.9967794323802653
2022-07-21,0.9944659789988032
2022-07-22,0.9954844816465043
2022-07-25,0.9978662172495235
2022-07-26,0.9999607510329792
2022-07-27,1.0022104684257667
2022-07-28,1.0043015722961959
2022-07-29,1.00605564532502
2022-08-01,1.0021607640998922
2022-08-02,0.9994086963044053
2022-08-03,1.0000866655889447
2022-08-04,1.002552125460573
2022-08-05,0.9997573169677557
2022-08-08,1.004422066736618
2022-08-09,1.0042015617476105
2022-08-10,1.0040554099895898
2022-08-11,1.002306949714862
2022-08-12,1.0059131451649714
2022-08-15,1.0020476431711558
2022-08-16,1.0012822009919387
2022-08-17,0.9989091206984801
2022-08-18,0.9974983398868661
2022-08-19,0.9940587082691572
2022-08-22,0.9931157303764734
2022-08-23,0.9944910034850425
2022-08-24,0.994840702487025
2022-08-25,0.9957096917407688
2022-08-26,0.9924217358745597
2022-08-29,0.9920829228172047
2022-08-30,0.9893619507987145
2022-08-31,0.9863809115376984
2022-09-01,0.9843240178986972
2022-09-02,0.9831014072425253
2022-09-06,0.9730337316528709
2022-09-07,0.9739642162803465
2022-09-08,0.9754265845116223
2022-09-09,0.9788785281497794
2022-09-12,0.9881095695102248
2022-09-13,0.9853836673569433
2022-09-14,0.9937919383409972
2022-09-15,0.9810766672373648
2022-09-16,0.9777708190477824
2022-09-19,0.9792973513325389
2022-09-20,0.974888361434462
2022-09-21,0.9782521217244782
2022-09-22,0.9717566364303101
2022-09-23,0.9619833947344485
2022-09-26,0.9589856113468663
2022-09-27,0.9558999423469529
2022-09-28,0.9637745053964243
2022-09-29,0.9617536904101143
2022-09-30,0.9611811166016582
2022-10-03,0.9685234352190609
2022-10-04,0.9756711417628529
2022-10-05,0.975135229159219
2022-10-06,0.9748748298296895
2022-10-07,0.9673608939377172
2022-10-10,0.961680193860287
2022-10-11,0.960030897690101
2022-10-12,0.9578912186360146
2022-10-13,0.9601680068708298
2022-10-14,0.952935512824702
2022-10-17,0.9484890341030364
2022-10-18,0.9456614411480491
2022-10-19,0.9386096439640257
2022-10-20,0.9381627542289509
2022-10-21,0.9380269167262684
2022-10-24,0.9413006896402168
2022-10-25,0.9496674620862675
2022-10-26,0.9501026443273782
2022-10-27,0.9455475786244459
2022-10-28,0.9422199263142089
2022-10-31,0.9493333942971337
2022-11-01,0.9454452276256059
2022-11-02,0.9484794425786097
2022-11-03,0.945383160321292
2022-11-04,0.9637545250628784
2022-11-07,0.9668957251458825
2022-11-08,0.9652225449259263
2022-11-09,0.958102933299343
2022-11-10,0.9676390119071718
2022-11-11,0.9646768389381105
2022-11-14,0.968102707594021
2022-11-15,0.9679611373779076
2022-11-16,0.9686239777744348
2022-11-17,0.968170860978897
2022-11-18,0.9671146747586992
2022-11-21,0.9721086285248328
2022-11-22,0.9781161633895875
2022-11-23,0.9834638376500798
2022-11-25,0.9797130936032844
2022-11-28,0.9751860351758326
2022-11-29,0.9762273053823479
2022-11-30,0.9777606400860644
2022-12-01,0.9805777790859546
2022-12-02,0.9732775023432821
2022-12-05,0.9576216222024344
2022-12-06,0.9539076638356256
2022-12-07,0.964867086866858
2022-12-08,0.9690596838564793
2022-12-09,0.9763652607772292
2022-12-12,0.9784009736052414
2022-12-13,0.9884422994311574
2022-12-14,0.9805614538110237
2022-12-15,0.9829155729197286
2022-12-16,0.9805204409481022
2022-12-19,0.9688528259995849
2022-12-20,0.9680708696509432
2022-12-21,0.9686125658044653
2022-12-22,0.9597958349986239
2022-12-23,0.9613986997469983
2022-12-27,0.9646221391640839
2022-12-28,0.9555595613612772
2022-12-29,0.9544932308012334
2022-12-30,0.9522686156292718
2023-01-03,0.9442805993033244
2023-01-04,0.9441686538897209
2023-01-05,0.9441686538897209
2023-01-06,0.9441686538897209
2023-01-09,0.9441686538897209
2023-01-10,0.9441686538897209
2023-01-11,0.9441686538897209
2023-01-12,0.9441686538897209
2023-01-13,0.9441686538897209
2023-01-17,0.9441686538897209
2023-01-18,0.9441686538897209
2023-01-19,0.9441686538897209
2023-01-20,0.9441686538897209
2023-01-23,0.9441686538897209
2023-01-24,0.9441686538897209
2023-01-25,0.9441686538897209
2023-01-26,0.9441686538897209
2023-01-27,0.9441686538897209
2023-01-30,0.9441686538897209
2023-01-31,0.9441686538897209
2023-02-01,0.9441686538897209
2023-02-02,0.9413340037360229
2023-02-03,0.9306485023282581
2023-02-06,0.9366165674182394
2023-02-07,0.9458047701254169
2023-02-08,0.9487136597474627
2023-02-09,0.9456721021295448
2023-02-10,0.9535770545728751
2023-02-13,0.952928611512998
2023-02-14,0.9513884966204298
2023-02-15,0.950435518784443
2023-02-16,0.946823826066492
2023-02-17,0.9423804452499255
2023-02-21,0.9421366777365514
2023-02-22,0.9340762878084307
2023-02-23,0.9401984658157071
2023-02-24,0.9419742521251857
2023-02-27,0.9399295535572927
2023-02-28,0.9443004996355617
2023-03-01,0.9483697731154008
2023-03-02,0.9485432924988931
2023-03-03,0.9557590312752234
2023-03-06,0.955850255128678
2023-03-07,0.9450359842217586
2023-03-08,0.9392679513642
2023-03-09,0.9298209147623966
2023-03-10,0.9368973206127486
2023-03-13,0.928829106898271
2023-03-14,0.9234173728586909
2023-03-15,0.9113492959519869
2023-03-16,0.9136101855113219
2023-03-17,0.9100405553532883
2023-03-20,0.9134091430910953
2023-03-21,0.9150624559458724
2023-03-22,0.9151767323295242
2023-03-23,0.9126961008967451
2023-03-24,0.9197716782835911
2023-03-27,0.9355244036313993
2023-03-28,0.9384530863766755
2023-03-29,0.9354736722013066
2023-03-30,0.9369747081633091
2023-03-31,0.9430481293219803
2023-04-03,0.9587933207531404
2023-04-04,0.9544286789217576
2023-04-05,0.9561127351343512
2023-04-06,0.9545643030040191
2023-04-10,0.9559043921711052
2023-04-11,0.9593494261892364
2023-04-12,0.9627741305832731
2023-04-13,0.9595064550579329
2023-04-14,0.9631530841734884
2023-04-17,0.9624392922750195
2023-04-18,0.9631264413785907
2023-04-19,0.9510234902850979
2023-04-20,0.9413765129593689
2023-04-21,0.9389423370718658
2023-04-24,0.9405384301739644
2023-04-25,0.9321962457173003
2023-04-26,0.9223105879379694
2023-04-27,0.9186304004982719
2023-04-28,0.9247869266779591
2023-05-01,0.9204716221159555
2023-05-02,0.9037023141736762
2023-05-03,0.897433598501106
2023-05-04,0.8996225191149702
2023-05-05,0.9143634394143855
2023-05-08,0.9181487929104942
2023-05-09,0.9170539365411452
2023-05-10,0.9160403402277874
2023-05-11,0.9088887745940427
2023-05-12,0.90247765560523
2023-05-15,0.9127293717973364
2023-05-16,0.9053371504649542
2023-05-17,0.9079320562913477
2023-05-18,0.9041428936516708
2023-05-19,0.9029044503638568
2023-05-22,0.9070498483809648
2023-05-23,0.9137509246001312
2023-05-24,0.9148310076522462
2023-05-25,0.9063121635853779
2023-05-26,0.9163304619498716
2023-05-30,0.8979313704796988
2023-05-31,0.8907420396368418
2023-06-01,0.902298596772848
2023-06-02,0.9065726966313064
2023-06-05,0.905714634090332
2023-06-06,0.9073718364504296
2023-06-07,0.9026119668430783
2023-06-08,0.9078988206595439
2023-06-09,0.9084510856137288
2023-06-12,0.9124571757423012
2023-06-13,0.9153705278560579
2023-06-14,0.9145426029400582
2023-06-15,0.9269204820781988
2023-06-16,0.9371483148191911
2023-06-20,0.9384410192331984
2023-06-21,0.9503230043418684
2023-06-22,0.9468587104976014
2023-06-23,0.9369724397793888
2023-06-26,0.9383852255590657
2023-06-27,0.9271355450584349
2023-06-28,0.9174523683547207
2023-06-29,0.915410390603391
2023-06-30,0.9128273062336121
2023-07-03,0.9167356940177693
2023-07-05,0.9160450080682816
2023-07-06,0.9158139346592364
2023-07-07,0.9141927330211499
2023-07-10,0.915537627236998
2023-07-11,0.9166990571645465
2023-07-12,0.9145664371714377
2023-07-13,0.9173480056859499
2023-07-14,0.9177720969637272
2023-07-17,0.9179345320244126
2023-07-18,0.9189076112382785
2023-07-19,0.9198393675051058
2023-07-20,0.9197438532830312
2023-07-21,0.9195207701656206
2023-07-24,0.9211815879924959
2023-07-25,0.9208044443260164
2023-07-26,0.9208990760793412
2023-07-27,0.9195754015711232
2023-07-28,0.9186494433715896
2023-07-31,0.9158783487533638
2023-08-01,0.9165739558574484
2023-08-02,0.9137975409973219
2023-08-03,0.9132628390329541
2023-08-04,0.9137201470550701
2023-08-07,0.9116139257256444
2023-08-08,0.9097034743862208
2023-08-09,0.9088353521495741
2023-08-10,0.9088693186240292
2023-08-11,0.9087384175019475
2023-08-14,0.9081125930838277
2023-08-15,0.9076524011232101
2023-08-16,0.9066451083452439
2023-08-17,0.9075640175059209
2023-08-18,0.9078849856884873
2023-08-21,0.9102651274585276
2023-08-22,0.9108414284161258
2023-08-23,0.9152900995770009
2023-08-24,0.914530390140919
2023-08-25,0.9148671000398918
2023-08-28,0.9151297907099155
2023-08-29,0.9180417600019957
2023-08-30,0.9177055011589637
2023-08-31,0.916820931456765
2023-09-01,0.9159659170365348
2023-09-05,0.9075908153096515
2023-09-06,0.90338781737816
2023-09-07,0.9050462222381752
2023-09-08,0.9057213309904284
2023-09-11,0.9065358053498919
2023-09-12,0.9105332846922946
2023-09-13,0.9081695746766059
2023-09-14,0.9070865671068123
2023-09-15,0.9077776571896552
2023-09-18,0.9109953694591146
2023-09-19,0.9118293684226947
2023-09-20,0.9090826613236687
2023-09-21,0.906573666765923
2023-09-22,0.9085514212478499
2023-09-25,0.907026026692504
2023-09-26,0.9035249425022357
2023-09-27,0.9027903994529844
2023-09-28,0.9041258367134098
2023-09-29,0.9013208987503533
2023-10-02,0.8936585597724115
2023-10-03,0.8965926597150206
2023-10-04,0.8975508608673138
2023-10-05,0.9026367971151017
2023-10-06,0.909372501113592
2023-10-09,0.9142102848349878
2023-10-10,0.9139243144199946
2023-10-11,0.9155066002096048
2023-10-12,0.9130704545659336
2023-10-13,0.9162451041484861
2023-10-16,0.9126707796534234
2023-10-17,0.9126455317708297
2023-10-18,0.9140970839060097
2023-10-19,0.9124797522743282
2023-10-20,0.9122657897492331
2023-10-23,0.9108693404614631
2023-10-24,0.9127358934414012
2023-10-25,0.9142152142487777
2023-10-26,0.9170700038902656
2023-10-27,0.9182080176954157
2023-10-30,0.9151955166681787
2023-10-31,0.920394779097642
2023-11-01,0.9172383802422488
2023-11-02,0.9173582135266798
2023-11-03,0.91885297000008
2023-11-06,0.9119619266762872
2023-11-07,0.9072616422365077
2023-11-08,0.9050463975846733
2023-11-09,0.9028144670114334
2023-11-10,0.900159878474574
2023-11-13,0.9066056407818368
2023-11-14,0.9071903985308579
2023-11-15,0.9095554943215367
2023-11-16,0.9092621483590475
2023-11-17,0.9062128912600975
2023-11-20,0.9024390029592994
2023-11-21,0.9031252535941029
2023-11-22,0.9037054587177759
2023-11-24,0.9056198636736469
2023-11-27,0.9057237665473524
2023-11-28,0.9040041078273848
2023-11-29,0.903816314527808
2023-11-30,0.9045911978667213
2023-12-01,0.9057886157183864
2023-12-04,0.8986249212283938
2023-12-05,0.89692495727776
2023-12-06,0.8917822465464974
2023-12-07,0.8915363586901126
2023-12-08,0.8866446514717881
2023-12-11,0.8811580645124514
2023-12-12,0.8755024958828778
2023-12-13,0.8829344059449122
2023-12-14,0.8880642908290218
2023-12-15,0.887273235723567
2023-12-18,0.8886568095657599
2023-12-19,0.8903816482486876
2023-12-20,0.8863029496882818
2023-12-21,0.8934840549239094
2023-12-22,0.8940146233418752
2023-12-26,0.8930680355369834
2023-12-27,0.8939562747490923
2023-12-28,0.8959026144545328
2023-12-29,0.893686580266634
2024-01-02,0.8950580208117711
2024-01-03,0.8949519107842933
2024-01-04,0.8949519107842933
2024-01-05,0.8949519107842933
2024-01-08,0.8949519107842933
2024-01-09,0.8949519107842933
2024-01-10,0.8949519107842933
2024-01-11,0.8949519107842933
2024-01-12,0.8949519107842933
2024-01-16,0.8949519107842933
2024-01-17,0.8949519107842933
2024-01-18,0.8949519107842933
2024-01-19,0.8949519107842933
2024-01-22,0.8949519107842933
2024-01-23,0.8949519107842933
2024-01-24,0.8949519107842933
2024-01-25,0.8949519107842933
2024-01-26,0.8949519107842933
2024-01-29,0.8949519107842933
2024-01-30,0.8949519107842933
2024-01-31,0.8949519107842933
2024-02-01,0.8949519107842933
2024-02-02,0.888792619494064
2024-02-05,0.8937711467312871
2024-02-06,0.8957870152660127
2024-02-07,0.899489566878498
2024-02-08,0.9077197324517176
2024-02-09,0.9077532338801639
2024-02-12,0.9098620070333799
2024-02-13,0.9119795223029227
2024-02-14,0.90661289989356
2024-02-15,0.9097737300467974
2024-02-16,0.911232035989377
2024-02-20,0.9074185613882697
2024-02-21,0.909719931780067
2024-02-22,0.9113047531684143
2024-02-23,0.9055688778412365
2024-02-26,0.9092649404466355
2024-02-27,0.912581515159507
2024-02-28,0.9102704416542134
2024-02-29,0.9110048699278305
2024-03-01,0.9160725843257419
2024-03-04,0.9162975828328317
2024-03-05,0.9090136945017901
2024-03-06,0.9106884515029744
2024-03-07,0.9127087284555192
2024-03-08,0.9120414362049145
2024-03-11,0.9182569334480352
2024-03-12,0.9190752602536624
2024-03-13,0.924817674417955
2024-03-14,0.92690390131241
2024-03-15,0.929892550937205
2024-03-18,0.9377023427321131
2024-03-19,0.9403075541834529
2024-03-20,0.937132720493604
2024-03-21,0.9368781506103052
2024-03-22,0.9382742725249069
2024-03-25,0.9438290086932751
2024-03-26,0.9373647779717168
2024-03-27,0.9381102134182764
2024-03-28,0.9474759225381539
2024-04-01,0.9495970811702847
2024-04-02,0.9494737638751649
2024-04-03,0.9531656735234785
2024-04-04,0.9574614781365444
2024-04-05,0.9598153259621585
2024-04-08,0.9574705073999602
2024-04-09,0.9536339546993187
2024-04-10,0.9571523871330673
2024-04-11,0.9535170885674691
2024-04-12,0.9572545439096125
2024-04-15,0.9564509252309882
2024-04-16,0.953000502011953
2024-04-17,0.9439856653045657
2024-04-18,0.9427060347236913
2024-04-19,0.9498992273771624
2024-04-22,0.9540685480593383
2024-04-23,0.9599499304371425
2024-04-24,0.9625766466050452
2024-04-25,0.9663793006006254
2024-04-26,0.9658978807413532
2024-04-29,0.9583082570506773
2024-04-30,0.9496496213686676
2024-05-01,0.9377965795890753
2024-05-02,0.94140478751906
2024-05-03,0.9444248031324776
2024-05-06,0.9522098528001007
2024-05-07,0.9535263971641897
2024-05-08,0.9501324318307971
2024-05-09,0.9507593348704008
2024-05-10,0.9523417712866868
2024-05-13,0.953473934408867
2024-05-14,0.9482713643887601
2024-05-15,0.949501517816798
2024-05-16,0.9488699866502062
2024-05-17,0.9498890741895349
2024-05-20,0.9559822546097082
2024-05-21,0.9545641378534068
2024-05-22,0.9506705166898263
2024-05-23,0.9520802509890535
2024-05-24,0.9559290622807207
2024-05-28,0.9639722098396374
2024-05-29,0.9579814828309042
2024-05-30,0.9491411712588815
2024-05-31,0.946847850058558
2024-06-03,0.9335450564628877
2024-06-04,0.9304045587596069
2024-06-05,0.9281805151076881
2024-06-06,0.9323097639712298
2024-06-07,0.9285863072424336
2024-06-10,0.925239962005291
2024-06-11,0.9271997227289377
2024-06-12,0.9276259577301266
2024-06-13,0.9298647644368142
2024-06-14,0.925420686980016
2024-06-17,0.9196007390795303
2024-06-18,0.9191946816534757
2024-06-20,0.9137422761176298
2024-06-21,0.910933127618995
2024-06-24,0.9093966650979748
2024-06-25,0.9032958216241611
2024-06-26,0.9020920454573625
2024-06-27,0.9036791669536073
2024-06-28,0.9017507041555032
2024-07-01,0.9041362317533713
2024-07-02,0.9040055514703339
2024-07-03,0.904951163986965
2024-07-05,0.9055132440347112
2024-07-08,0.9031283553857563
2024-07-09,0.9016396845926617
2024-07-10,0.9005935173267016
2024-07-11,0.9010633954914292
2024-07-12,0.900556738053707
2024-07-15,0.8985589818679698
2024-07-16,0.8993184422323546
2024-07-17,0.8990010826976218
2024-07-18,0.8988418933832124
2024-07-19,0.8982439956196288
2024-07-22,0.901091112310023
2024-07-23,0.9015200125740809
2024-07-24,0.9003940870046112
2024-07-25,0.9018469646584849
2024-07-26,0.8992149710484696
2024-07-29,0.8989366930363749
2024-07-30,0.8974218584443865
2024-07-31,0.8979885635053113
2024-08-01,0.8972238095924892
2024-08-02,0.8969707996154372
2024-08-05,0.8917677549665229
2024-08-06,0.8902650977413832
2024-08-07,0.8890845371849534
2024-08-08,0.8929642407481693
2024-08-09,0.8931477816902325
2024-08-12,0.896429622544698
2024-08-13,0.8960460831648517
2024-08-14,0.8942930472169899
2024-08-15,0.897171584179653
2024-08-16,0.9011576717317122
2024-08-19,0.9023738993407071
2024-08-20,0.9028396047047916
2024-08-21,0.9029880024017694
2024-08-22,0.9000303300021228
2024-08-23,0.9038326811850398
2024-08-26,0.9045196901354695
2024-08-27,0.9048969502868128
2024-08-28,0.9020451522875071
2024-08-29,0.9029177913263965
2024-08-30,0.9007251681851633
2024-09-03,0.8977036311215906
2024-09-04,0.8952965124082987
2024-09-05,0.9027491011199704
2024-09-06,0.9003908652252853
2024-09-09,0.896795412950115
2024-09-10,0.901427745708334
2024-09-11,0.9030630929219787
2024-09-12,0.912301119751835
2024-09-13,0.9136257739542059
2024-09-16,0.9161140801965818
2024-09-17,0.9138920906603821
2024-09-18,0.9095855781062392
2024-09-19,0.9149082675212551
2024-09-20,0.9216848480966492
2024-09-23,0.9249749557220629
2024-09-24,0.9292855891401177
2024-09-25,0.9283801416808752
2024-09-26,0.9272655705248417
2024-09-27,0.9306566544663563
2024-09-30,0.9282336465024036
2024-10-01,0.9299902911953638
2024-10-02,0.9316031375260431
2024-10-03,0.9338103310809205
2024-10-04,0.9298964463047702
2024-10-07,0.9249526276062378
2024-10-08,0.9205475065192936
2024-10-09,0.9171989969602101
2024-10-10,0.9212509259041222
2024-10-11,0.9216103611139671
2024-10-14,0.9155842293561776
2024-10-15,0.9165780477393702
2024-10-16,0.9139458720088631
2024-10-17,0.9135459234410876
2024-10-18,0.9181278965382043
2024-10-21,0.9202890733458804
2024-10-22,0.9256731784335511
2024-10-23,0.9237479575863692
2024-10-24,0.9277405351664517
2024-10-25,0.92859221215241
2024-10-28,0.9217659129036292
2024-10-29,0.9252335585517968
2024-10-30,0.9227914813261009
2024-10-31,0.9147395040021602
2024-11-01,0.9118804200875672
2024-11-04,0.9165261774645542
2024-11-05,0.9133845498079426
2024-11-06,0.9090348684854487
2024-11-07,0.9111872713356086
2024-11-08,0.9076627915619603
2024-11-11,0.9131067636695249
2024-11-12,0.9117187469259023
2024-11-13,0.9123090018549492
2024-11-14,0.9065247539749326
2024-11-15,0.9070984035847279
2024-11-18,0.9140669001184102
2024-11-19,0.9160700730717126
2024-11-20,0.9211124220425153
2024-11-21,0.9241818363369809
2024-11-22,0.9216663885211669
2024-11-25,0.9193234516873894
2024-11-26,0.9218698751763837
2024-11-27,0.913150402801635
2024-11-29,0.9196010392354521
2024-12-02,0.9148627411481262
2024-12-03,0.9122438651919813
2024-12-04,0.913672336467166
2024-12-05,0.9135059219209141
2024-12-06,0.912891133688287
2024-12-09,0.9188868395057841
2024-12-10,0.9203951232230477
2024-12-11,0.9264298829871473
2024-12-12,0.9254457970878424
2024-12-13,0.917865890452398
2024-12-16,0.9164468939258089
2024-12-17,0.9194785233857319
2024-12-18,0.9150491650769901
2024-12-19,0.9194668168977453
2024-12-20,0.9246191868251593
2024-12-23,0.9230259414249856
2024-12-24,0.9263241968752118
2024-12-26,0.9229417023035356
2024-12-27,0.9233572273462936
2024-12-30,0.935223664404489
2024-12-31,0.9291246009410192
2025-01-02,0.9336097779743531
2025-01-03,0.9334990975973373
2025-01-06,0.9334990975973373
2025-01-07,0.9334990975973373
2025-01-08,0.9334990975973373
2025-01-10,0.9334990975973373
2025-01-13,0.9334990975973373
2025-01-14,0.9334990975973373
2025-01-15,0.9334990975973373
2025-01-16,0.9334990975973373
2025-01-17,0.9334990975973373
2025-01-21,0.9334990975973373
2025-01-22,0.9334990975973373
2025-01-23,0.9334990975973373
2025-01-24,0.9334990975973373
2025-01-27,0.9334990975973373
2025-01-28,0.9334990975973373
2025-01-29,0.9334990975973373
2025-01-30,0.9334990975973373
2025-01-31,0.9334990975973373
2025-02-03,0.9334990975973373
2025-02-04,0.9323229244209543
2025-02-05,0.9272017976065433
2025-02-06,0.9268995675431976
2025-02-07,0.9292155817204089
2025-02-10,0.9329802985914376
2025-02-11,0.9370130835921759
2025-02-12,0.9294738623661234
2025-02-13,0.9310790154235715
2025-02-14,0.9288013631213129
2025-02-18,0.9318172679779246
2025-02-19,0.9329178428547447
2025-02-20,0.9336067485991526
2025-02-21,0.92584491085612
2025-02-24,0.9273332624392548
2025-02-25,0.9209524096050563
2025-02-26,0.9191197126873539
2025-02-27,0.9242955779692201
2025-02-28,0.9236363667397447
2025-03-03,0.9174740995124362
2025-03-04,0.9154461077359204
2025-03-05,0.9117603024565477
2025-03-06,0.9110818330378034
2025-03-07,0.9153336591722331
2025-03-10,0.9144754873967227
2025-03-11,0.9153685898734317
2025-03-12,0.9188840798041239
2025-03-13,0.9166004377887852
2025-03-14,0.9181510343201286
2025-03-17,0.9243485135065351
2025-03-18,0.9219966494389119
2025-03-19,0.9223232022023026
2025-03-20,0.9258270226475818
2025-03-21,0.9254664955602542
2025-03-24,0.9272163826821727
2025-03-25,0.9262566510852625
2025-03-26,0.9253247021721668
2025-03-27,0.9247561325304994
2025-03-28,0.921554825971497
2025-03-31,0.9309511404289436
2025-04-01,0.934585985136206
2025-04-02,0.937465804531645
2025-04-03,0.915011774444782
2025-04-04,0.8944795828904881
2025-04-07,0.8858881420452381
2025-04-08,0.8753392433773678
2025-04-09,0.8966779222034763
2025-04-10,0.88825891262114
2025-04-11,0.9007279605423434
2025-04-14,0.9004846259260584
2025-04-15,0.8989146722439608
2025-04-16,0.9056991164258941
2025-04-17,0.9121187936339329
2025-04-21,0.9073340981542307
2025-04-22,0.9095128990110946
2025-04-23,0.9045464548883146
2025-04-24,0.9083964978515315
2025-04-25,0.9116389268814137
2025-04-28,0.903944042482827
2025-04-29,0.89298119533835
2025-04-30,0.8850662552503532
2025-05-01,0.88949051188068
2025-05-02,0.8904466342687916
2025-05-05,0.8811754776260747
2025-05-06,0.8895479420510467
2025-05-07,0.8846256336443603
2025-05-08,0.8922379244553015
2025-05-09,0.8954400084519664
2025-05-12,0.9005517010277845
2025-05-13,0.9083201228847922
2025-05-14,0.9057105548264651
2025-05-15,0.9017636719264844
2025-05-16,0.901024929535339
2025-05-19,0.9048490248185808
2025-05-20,0.9104568290238014
2025-05-21,0.909420544298695
2025-05-22,0.9064175639235702
2025-05-23,0.9067114625464028
2025-05-27,0.9003641728623325
2025-05-28,0.8987961102782853
2025-05-29,0.8963573380483761
2025-05-30,0.8937181400304411
2025-06-02,0.9020568116737515
2025-06-03,0.9029058395212869
2025-06-04,0.9059926318024675
2025-06-05,0.9086627140708889
2025-06-06,0.9119154565315052
2025-06-09,0.9078262024015703
2025-06-10,0.9055615884950201
2025-06-11,0.905072284912029
2025-06-12,0.9038569072293425
2025-06-13,0.9092017468233276
2025-06-16,0.9076130771735701
2025-06-17,0.9101005063251254
2025-06-18,0.9138099320205867
2025-06-20,0.9110878704850925
2025-06-23,0.9067160093700157
2025-06-24,0.9017938637001269
2025-06-25,0.8973514243204082
2025-06-26,0.8961185239955131
2025-06-27,0.8988552234802016
2025-06-30,0.8975435772233826
2025-07-01,0.8970794751480727
2025-07-02,0.8982672317378099
2025-07-03,0.8988360099409439
2025-07-07,0.8964121809573786
2025-07-08,0.8961223491781206
2025-07-09,0.8954994668286841
2025-07-10,0.8960009086298625
2025-07-11,0.8956267080667512
2025-07-14,0.8955849803678555
2025-07-15,0.895167456654616
2025-07-16,0.8965510875076466
2025-07-17,0.8972127481865172
2025-07-18,0.8977878820521461
2025-07-21,0.8972977383344526
2025-07-22,0.8973798273260186
2025-07-23,0.8972157765745132
2025-07-24,0.8972568588229538
2025-07-25,0.8968872787186299
2025-07-28,0.8965163228772248
2025-07-29,0.8959371270416421
2025-07-30,0.8951880840730283
2025-07-31,0.8946010700655939
2025-08-01,0.8946010700655939
2025-08-04,0.8960444495229651
2025-08-05,0.8970921779909192
2025-08-06,0.8969018951410171
2025-08-07,0.8987292374120273
2025-08-08,0.8990194140108188
2025-08-11,0.8959228738233638
2025-08-12,0.8964444444068199
2025-08-13,0.8982548557331616
2025-08-14,0.8964022571003909
2025-08-15,0.8964547699859343
2025-08-18,0.8964447284112033
2025-08-19,0.8941897298047976
2025-08-20,0.8965732839229023
2025-08-21,0.8967309115963562
2025-08-22,0.8995823888499445
2025-08-25,0.8985505927243137
2025-08-26,0.8992031244098349
2025-08-27,0.899307621741076
2025-08-28,0.9013370161681926
2025-08-29,0.903906949964201
2025-09-02,0.9084417883335323
2025-09-03,0.9115742556935247
2025-09-04,0.9104497124884843
2025-09-05,0.9112430799981867
2025-09-08,0.9145647398634896
2025-09-09,0.9142475053712307
2025-09-10,0.9125214691475457
2025-09-11,0.9100532876748629
2025-09-12,0.9122166714424598
2025-09-15,0.9170818690629142
2025-09-16,0.9190894414103344
2025-09-17,0.9156174236800244
2025-09-18,0.9127297188839308
2025-09-19,0.9155001610238057
2025-09-22,0.9163706451009646
2025-09-23,0.9181458641260226
2025-09-24,0.9169920726335741
2025-09-25,0.9218668356252203
2025-09-26,0.9233851550443397
2025-09-29,0.928911880530416
2025-09-30,0.9312324822374688
2025-10-01,0.9364847617720999
2025-10-02,0.9341603836492043
2025-10-03,0.9343071323381618
2025-10-06,0.9390170620060025
2025-10-07,0.9414625508825069
2025-10-08,0.9409079266287841
2025-10-09,0.9369027061214309
2025-10-10,0.9363423835269306
2025-10-13,0.9412504405689283
2025-10-14,0.9392290452725647
2025-10-15,0.943377343088411
2025-10-16,0.9448410089274487
2025-10-17,0.9412402398295056
2025-10-20,0.9545341267313115
2025-10-21,0.9421624421368829
2025-10-22,0.9417212536013321
2025-10-23,0.9418046055288986
2025-10-24,0.9413751603062269
2025-10-27,0.934771207858927
2025-10-28,0.9307741891727271
2025-10-29,0.9305964136844852
2025-10-30,0.9394629070400343
2025-10-31,0.9414046156957988
2025-11-03,0.9446621542781761
2025-11-04,0.9419725668452312
2025-11-05,0.9430388448778296
2025-11-06,0.9464457578065745
2025-11-07,0.9463595556515977
2025-11-10,0.9539939636483717
2025-11-11,0.9588570006829314
2025-11-12,0.9648546842282453
2025-11-13,0.9633314294134143
2025-11-14,0.9570006969869602
2025-11-17,0.9519912582926273
2025-11-18,0.9546760965221313
2025-11-19,0.9587790016991349
2025-11-20,0.955541676623104
2025-11-21,0.9559160376112756
2025-11-24,0.9586711660104112
2025-11-25,0.9548644977683274
2025-11-26,0.9620676099971859
2025-11-28,0.972089113164263
2025-12-01,0.9782121690451147
2025-12-02,0.9771105093322972
2025-12-03,0.9802403872513686
2025-12-04,0.9790879772982446
2025-12-05,0.9856035068850848
2025-12-08,0.9770695912455823
2025-12-09,0.9758425286369268
2025-12-10,0.978957407885547
2025-12-11,0.9746171870326644
2025-12-12,0.9699835062815765
2025-12-15,0.9714898474779412
2025-12-16,0.9680697842038164
2025-12-17,0.9774640305341685
2025-12-18,0.9710458264810813
2025-12-19,0.9750824641813309
2025-12-22,0.977077958379022
2025-12-23,0.9907373129188761
2025-12-24,0.9869915079486972
2025-12-26,1.0004183544366527
2025-12-29,0.990749975624478
2025-12-30,0.9958111950194051
2025-12-31,0.9820567584472181
2026-01-02,0.9829704102988543
2026-01-05,0.9828538781692924
2026-01-06,0.9828538781692924
2026-01-07,0.9828538781692924
2026-01-08,0.9828538781692924
2026-01-09,0.9828538781692924
2026-01-12,0.9828538781692924
2026-01-13,0.9828538781692924
2026-01-14,0.9828538781692924
2026-01-15,0.9828538781692924
2026-01-16,0.9828538781692924
2026-01-20,0.9828538781692924
2026-01-21,0.9828538781692924
2026-01-22,0.9828538781692924
2026-01-23,0.9828538781692924
2026-01-26,0.9828538781692924
2026-01-27,0.9828538781692924
2026-01-28,0.9828538781692924
2026-01-29,0.9828538781692924
2026-01-30,0.9828538781692924
2026-02-02,0.9828538781692924
2026-02-03,0.9917359006880337
2026-02-04,0.994448390209151
2026-02-05,0.9903743472600065
2026-02-06,0.9927121941173056
2026-02-09,0.9973204829774919
2026-02-10,0.9966161373027409
2026-02-11,0.99968792093813
2026-02-12,0.9897457042916236
2026-02-13,0.9889881599606448
2026-02-17,0.9884786318546477
2026-02-18,1.001070972839204
2026-02-19,1.0074364852382944
2026-02-20,1.0063196682599285
2026-02-23,1.006849079559089
2026-02-24,1.0064530912827512
2026-02-25,1.0044964443168474
2026-02-26,1.0054881323590774
2026-02-27,1.0126939336706469
2026-03-02,1.0304897193361908
2026-03-03,1.0397029462442569
2026-03-04,1.0450965706612303
2026-03-05,1.0652284686610891
2026-03-06,1.102432456640788
2026-03-09,1.085432546671626
2026-03-10,1.0904351764646971
2026-03-11,1.1008128738662357
2026-03-12,1.1297955183799695
2026-03-13,1.138397445223582
2026-03-16,1.122797807553962
2026-03-17,1.1348278472336597
2026-03-18,1.1520856697719013
2026-03-19,1.1454920862124747
2026-03-20,1.1569108572575806
2026-03-23,1.1217552318667379
2026-03-24,1.13555660261464
2026-03-25,1.1311997905126712
2026-03-26,1.144008919232477
2026-03-27,1.1607182073971614
2026-03-30,1.1700888413356436
2026-03-31,1.1638239301235924
2026-04-01,1.14686721229829
2026-04-02,1.1759178269028696
2026-04-06,1.1804297122319558
2026-04-07,1.1721944851074202
2026-04-08,1.136359373854746
2026-04-09,1.1382877804952554
2026-04-10,1.1315295563200407
2026-04-13,1.143897616634927
2026-04-14,1.136708833386
2026-04-15,1.1384195033615019
2026-04-16,1.149612602850416
2026-04-17,1.1247685437034576
2026-04-20,1.141054365175256
2026-04-21,1.1627889890283853
2026-04-22,1.1656104177464004
2026-04-23,1.1835413184358825
2026-04-24,1.179786640946005
2026-04-27,1.1909298786884126
2026-04-28,1.2093888813735005
2026-04-29,1.2344931833148391
2026-04-30,1.227505892073189
2026-05-01,1.2225609754384223
2026-05-04,1.2418377501729845
2026-05-05,1.2272857026509874
2026-05-06,1.1950965826230664
2026-05-07,1.1950686741689984
2026-05-08,1.1984151964782859
2026-05-11,1.216039552910052
2026-05-12,1.2391324632653526
2026-05-13,1.2328921463664773
2026-05-14,1.224817032604222
2026-05-15,1.2262547468543592
2026-05-18,1.2396728043229726
2026-05-19,1.2471919550634876
2026-05-20,1.2211134618404458
2026-05-21,1.213073525651158
2026-05-22,1.2113481209636765
2026-05-26,1.1926779328043673
2026-05-27,1.1774687904868477
2026-05-28,1.1827741049867821
2026-05-29,1.1709674020921303
2026-06-01,1.1821796984660862
2026-06-02,1.1784582482030348
2026-06-03,1.1738861497324038
